,Anti-Mage,Axe,Bane,Bloodseeker,Crystal Maiden,Drow Ranger,Earthshaker,Juggernaut,Mirana,Morphling,Shadow Fiend,Phantom Lancer,Puck,Pudge,Razor,Sand King,Storm Spirit,Sven,Tiny,Vengeful Spirit,Windranger,Zeus,Kunkka,Lina,Lion,Shadow Shaman,Slardar,Tidehunter,Witch Doctor,Lich,Riki,Enigma,Tinker,Sniper,Necrophos,Warlock,Beastmaster,Queen of Pain,Venomancer,Faceless Void,Wraith King,Death Prophet,Phantom Assassin,Pugna,Templar Assassin,Viper,Luna,Dragon Knight,Dazzle,Clockwerk,Leshrac,Nature's Prophet,Lifestealer,Dark Seer,Clinkz,Omniknight,Enchantress,Huskar,Night Stalker,Broodmother,Bounty Hunter,Weaver,Jakiro,Batrider,Chen,Spectre,Ancient Apparition,Doom,Ursa,Spirit Breaker,Gyrocopter,Alchemist,Invoker,Silencer,Outworld Destroyer,Lycan,Brewmaster,Shadow Demon,Lone Druid,Chaos Knight,Meepo,Treant Protector,Ogre Magi,Undying,Rubick,Disruptor,Nyx Assassin,Naga Siren,Keeper of the Light,Io,Visage,Slark,Medusa,Troll Warlord,Centaur Warrunner,Magnus,Timbersaw,Bristleback,Tusk,Skywrath Mage,Abaddon,Elder Titan,Legion Commander,Techies,Ember Spirit,Earth Spirit,Underlord,Terrorblade,Phoenix,Oracle,Winter Wyvern,Arc Warden,Monkey King,Dark Willow,Pangolier,Grimstroke,Hoodwink,Void Spirit,Snapfire,Mars,Dawnbreaker,Marci,Primal Beast,Muerta
Anti-Mage,0.0,-0.16,0.1,0.05,-0.03,-0.04,-0.0,0.05,-0.01,-0.03,0.06,0.01,-0.04,0.09,0.1,-0.01,0.08,0.12,-0.02,0.1,-0.04,-0.0,0.12,0.03,0.06,0.0,0.01,-0.25,-0.03,-0.02,-0.07,0.2,-0.11,0.02,0.1,-0.02,-0.08,0.14,-0.01,0.23,0.12,0.05,-0.11,-0.01,0.06,0.02,0.13,0.05,-0.02,-0.05,-0.05,-0.03,-0.14,0.16,0.09,0.08,0.11,-0.1,0.04,0.29,-0.04,-0.06,-0.04,0.1,-0.25,0.07,-0.02,0.02,0.07,-0.09,0.15,0.07,0.05,0.08,-0.07,0.22,0.13,-0.31,-0.09,-0.01,-0.05,0.03,0.07,-0.04,-0.05,-0.03,-0.02,0.09,0.05,-0.06,-0.06,0.05,0.02,-0.18,-0.07,-0.05,-0.07,0.15,0.02,0.06,0.06,0.04,-0.14,-0.01,0.06,0.0,-0.05,-0.05,0.04,0.02,-0.15,0.35,-0.05,-0.07,-0.04,-0.15,0.07,0.02,-0.0,-0.11,-0.0,-0.02,0.04,-0.05
Axe,0.16,0.0,0.02,-0.22,0.05,-0.01,-0.16,0.0,0.01,0.17,0.08,-0.01,-0.18,0.07,-0.21,-0.08,-0.02,0.11,-0.09,0.04,0.11,-0.13,0.02,-0.09,-0.05,0.09,0.06,0.16,-0.05,-0.04,-0.06,0.16,0.07,-0.09,-0.07,0.15,0.02,-0.03,0.09,0.04,0.1,-0.1,-0.05,-0.11,0.09,-0.2,0.05,0.17,-0.07,-0.01,-0.22,-0.07,0.11,0.07,0.15,-0.04,-0.05,0.11,0.17,-0.14,-0.17,0.05,-0.03,-0.1,0.06,-0.07,-0.12,0.01,-0.07,-0.03,-0.02,0.16,-0.05,-0.05,-0.01,0.23,0.2,-0.21,0.24,-0.2,0.17,-0.05,-0.18,-0.03,0.06,0.0,-0.01,-0.17,0.04,0.03,0.1,0.15,-0.29,0.17,0.24,0.06,0.0,-0.23,-0.03,0.06,-0.11,-0.18,0.12,-0.05,-0.08,0.21,0.0,0.05,-0.03,0.14,0.47,-0.32,-0.04,0.14,0.06,0.07,0.0,0.06,0.04,-0.07,-0.1,-0.03,0.08,0.03
Bane,-0.1,-0.02,0.0,-0.22,-0.02,-0.15,0.13,-0.05,-0.01,0.01,0.08,0.09,-0.16,-0.11,0.3,-0.52,-0.14,0.47,-0.06,0.06,0.03,-0.11,0.15,-0.04,0.3,0.2,-0.22,-0.22,0.21,0.02,0.07,0.27,0.06,0.39,-0.12,-0.08,0.02,0.19,-0.39,-0.05,0.41,-0.11,-0.08,0.24,0.01,0.01,0.45,-0.01,-0.3,0.11,0.0,0.08,-0.05,0.13,-0.5,0.08,-0.15,-0.09,0.23,-0.16,0.04,-0.21,0.14,0.08,0.49,-0.02,-0.04,0.15,0.08,0.28,0.16,0.24,-0.19,0.01,-0.12,-0.13,0.37,-0.56,0.05,-0.22,-0.12,0.05,0.26,-0.05,-0.06,-0.16,0.47,-0.1,0.28,0.3,-0.52,-0.02,-0.01,-0.52,-0.1,0.01,-0.05,-0.56,0.09,0.07,0.26,-0.24,-0.15,-0.15,-0.03,0.46,0.53,-0.28,0.25,0.15,-0.15,-0.11,0.13,0.0,-0.2,-0.56,-0.05,0.02,0.13,-0.24,0.21,-0.2,-0.08,0.12
Bloodseeker,-0.05,0.22,0.22,0.0,0.03,-0.19,-0.03,-0.1,-0.03,-0.07,0.04,0.19,-0.1,0.02,-0.13,-0.03,-0.09,-0.03,0.05,-0.18,0.14,-0.0,-0.34,-0.06,0.29,-0.04,-0.06,-0.2,-0.02,-0.02,0.07,-0.11,-0.01,0.25,-0.02,0.17,0.22,0.11,-0.3,-0.07,-0.42,0.13,-0.04,-0.03,0.38,-0.04,0.05,-0.01,0.22,-0.15,0.06,-0.14,0.0,0.25,0.3,-0.16,0.07,0.14,-0.09,0.04,0.07,0.31,-0.12,-0.16,-0.21,0.11,-0.24,-0.03,-0.05,-0.18,-0.05,0.14,-0.03,-0.06,-0.21,-0.07,-0.11,-0.06,0.1,0.03,0.1,-0.06,0.08,0.01,0.03,-0.08,0.23,0.23,-0.17,-0.16,0.15,0.02,-0.16,-0.14,-0.0,0.03,-0.08,-0.13,0.03,-0.06,0.19,-0.31,0.02,0.11,0.05,-0.04,0.01,-0.15,0.33,-0.14,0.07,-0.08,-0.05,-0.06,0.05,0.18,-0.09,-0.13,-0.14,-0.0,-0.05,0.01,-0.14,-0.06
Crystal Maiden,0.03,-0.05,0.02,-0.03,0.0,-0.07,-0.09,-0.04,0.02,0.0,0.01,0.09,-0.02,-0.11,-0.05,0.12,-0.01,0.19,-0.02,-0.05,0.13,0.02,0.04,0.03,0.01,0.1,0.02,0.08,-0.02,0.03,0.05,-0.07,-0.01,-0.02,-0.09,-0.06,-0.01,0.02,0.02,0.01,0.03,-0.08,0.0,-0.16,0.05,0.04,0.07,0.08,-0.04,-0.02,-0.03,0.04,0.05,0.02,-0.04,0.01,0.03,-0.12,0.07,0.1,-0.0,-0.11,0.11,0.02,-0.11,-0.03,0.07,0.02,-0.09,0.04,-0.04,0.05,-0.01,-0.05,-0.06,0.02,0.08,-0.13,0.1,0.06,-0.05,-0.0,-0.04,0.03,0.02,0.02,0.04,0.05,-0.03,0.09,-0.12,0.02,-0.14,-0.12,-0.03,0.01,-0.03,-0.04,0.04,-0.01,-0.03,0.14,0.05,-0.08,0.09,-0.12,-0.09,0.01,0.0,0.01,0.08,0.13,-0.04,0.08,-0.03,0.05,0.04,-0.12,0.02,-0.02,-0.01,0.1,0.05,-0.1
Drow Ranger,0.04,0.01,0.15,0.19,0.07,0.0,0.02,0.01,-0.02,-0.04,0.04,-0.14,-0.07,0.04,0.08,0.06,-0.04,-0.02,-0.07,-0.03,-0.01,0.07,0.09,0.0,-0.05,0.12,-0.02,0.14,0.05,-0.03,0.03,0.19,-0.03,-0.03,0.15,0.03,-0.07,-0.05,0.03,0.0,0.02,0.03,-0.05,-0.02,-0.03,-0.05,0.07,-0.01,-0.06,0.02,0.02,-0.03,-0.04,-0.18,0.09,-0.09,0.04,0.03,0.03,0.0,0.02,0.13,-0.03,0.08,0.02,0.05,0.19,-0.1,0.01,0.02,0.01,0.05,0.07,-0.01,0.03,-0.02,-0.04,-0.24,0.0,-0.13,0.04,0.0,0.09,0.01,-0.03,0.01,-0.01,0.16,0.05,0.11,0.0,-0.01,0.06,0.06,-0.02,-0.04,0.05,0.14,0.03,-0.07,-0.01,0.06,0.01,0.07,-0.05,-0.14,0.13,-0.08,0.01,0.0,0.04,-0.11,0.01,-0.14,0.02,0.07,-0.05,0.0,-0.04,0.03,0.04,-0.05,-0.04,0.03
Earthshaker,0.0,0.16,-0.13,0.03,0.09,-0.02,0.0,-0.04,-0.03,-0.1,-0.03,0.16,0.05,-0.04,0.15,-0.13,0.07,-0.14,-0.01,0.01,-0.03,-0.06,0.04,-0.05,0.05,0.06,-0.15,0.06,0.0,-0.09,0.06,0.22,0.01,0.06,0.08,-0.07,0.0,-0.04,-0.11,0.08,-0.06,-0.01,0.15,-0.01,-0.16,0.09,-0.02,-0.06,-0.02,0.01,-0.07,-0.03,0.13,-0.13,-0.02,0.0,-0.07,0.09,-0.03,0.08,-0.01,0.08,-0.04,-0.0,0.07,-0.12,0.16,-0.02,0.07,0.02,-0.13,0.04,0.05,0.11,-0.02,0.04,-0.06,-0.08,-0.07,0.19,-0.23,0.01,0.0,-0.14,-0.03,-0.02,0.05,0.08,0.01,0.06,0.2,-0.03,-0.21,0.24,-0.04,0.03,-0.05,-0.17,-0.04,-0.01,0.15,-0.11,0.01,-0.04,-0.04,-0.14,-0.02,-0.13,-0.06,-0.1,-0.01,0.08,-0.04,0.07,-0.06,-0.15,-0.06,0.15,0.0,0.0,0.16,0.03,0.09,0.08
Juggernaut,-0.05,-0.0,0.05,0.1,0.04,-0.01,0.04,0.0,0.01,-0.08,-0.1,0.26,-0.07,-0.02,-0.22,0.03,-0.03,-0.07,0.07,-0.28,-0.01,0.15,0.24,-0.0,-0.1,0.0,0.05,0.07,-0.08,0.08,-0.0,-0.02,-0.04,-0.16,-0.16,-0.03,-0.02,0.11,0.04,0.05,-0.01,0.03,-0.01,0.02,-0.06,0.04,0.12,-0.01,0.04,-0.1,0.08,0.0,-0.07,-0.02,0.02,0.07,-0.01,0.01,0.03,-0.38,0.13,0.28,0.17,-0.09,-0.13,-0.01,0.05,-0.15,0.05,-0.07,0.1,-0.31,0.07,-0.14,0.06,0.06,0.1,-0.08,0.15,0.14,-0.26,0.07,0.09,0.07,-0.01,-0.03,-0.06,0.04,-0.07,0.22,-0.38,-0.06,0.08,0.33,-0.04,0.15,-0.11,-0.01,-0.02,0.01,0.07,0.27,0.02,-0.01,-0.08,-0.08,0.2,0.16,-0.2,0.11,0.38,0.07,-0.16,-0.08,0.06,0.26,0.05,-0.06,-0.02,-0.02,-0.17,0.17,-0.0,0.14
Mirana,0.01,-0.01,0.01,0.03,-0.02,0.02,0.03,-0.01,0.0,-0.03,-0.02,-0.01,0.02,0.0,0.0,0.09,0.05,-0.04,-0.03,-0.05,0.1,0.03,-0.05,-0.04,0.04,0.05,-0.07,-0.02,0.03,0.06,0.04,-0.1,0.03,0.02,-0.01,0.0,-0.05,-0.03,-0.05,0.05,0.19,0.02,0.0,-0.05,0.05,0.05,-0.03,-0.09,0.0,0.02,-0.01,-0.03,0.0,0.06,-0.18,-0.15,0.03,0.08,-0.06,0.04,-0.05,0.03,0.05,-0.0,-0.02,0.06,0.04,-0.01,0.08,-0.04,0.01,0.04,-0.0,-0.01,-0.1,-0.02,0.06,-0.02,0.04,-0.01,-0.06,0.0,0.02,-0.04,-0.03,-0.02,-0.05,-0.05,0.05,0.01,-0.0,0.01,-0.08,0.2,-0.02,0.06,-0.07,0.12,-0.02,-0.04,-0.04,-0.09,0.02,-0.01,-0.05,-0.01,0.02,0.01,0.03,-0.02,0.02,0.02,-0.03,-0.05,0.03,-0.02,0.05,-0.03,0.01,0.01,0.03,-0.05,-0.05,0.02
Morphling,0.03,-0.17,-0.01,0.07,0.0,0.04,0.1,0.08,0.03,0.0,0.03,0.05,-0.01,0.05,-0.12,0.03,-0.1,0.06,-0.03,-0.13,-0.06,-0.01,-0.12,-0.1,-0.05,-0.09,-0.1,-0.05,0.05,0.07,-0.11,-0.05,0.02,0.05,-0.07,0.01,0.06,0.05,0.05,0.02,-0.16,0.01,0.05,0.02,0.05,0.03,-0.09,0.04,0.03,0.07,0.03,-0.04,0.11,-0.07,-0.01,0.04,-0.05,-0.05,-0.18,-0.02,0.03,-0.03,-0.01,0.01,-0.21,-0.07,0.04,0.01,0.07,0.03,-0.07,-0.06,-0.09,-0.03,0.03,-0.03,0.19,0.09,-0.02,0.1,0.02,0.01,0.07,-0.02,-0.02,-0.05,-0.1,-0.11,0.01,0.04,-0.17,-0.04,0.04,0.03,-0.09,0.01,-0.07,-0.01,0.04,0.02,-0.02,0.38,0.08,0.02,0.02,-0.11,-0.15,-0.02,0.11,0.08,-0.14,-0.11,0.03,0.07,-0.09,0.05,-0.08,0.01,-0.01,0.09,-0.06,-0.08,-0.0,0.06
Shadow Fiend,-0.06,-0.08,-0.08,-0.04,-0.01,-0.04,0.03,0.1,0.02,-0.03,0.0,-0.01,-0.0,-0.0,-0.11,-0.08,-0.04,-0.02,0.03,-0.06,-0.11,-0.05,0.07,0.05,0.14,0.19,-0.01,-0.02,-0.09,-0.03,0.02,-0.04,0.09,-0.05,0.11,-0.01,0.04,-0.02,-0.05,0.08,0.01,0.04,0.09,-0.06,-0.0,0.15,-0.14,-0.04,0.04,-0.13,-0.02,0.03,0.02,-0.1,-0.06,-0.16,-0.11,0.02,-0.01,-0.0,0.08,0.12,-0.02,-0.06,0.24,0.07,-0.09,-0.02,0.05,-0.1,-0.02,-0.08,0.08,0.01,-0.06,-0.1,-0.07,0.15,0.15,-0.1,-0.08,0.02,-0.05,-0.11,-0.02,0.02,0.09,-0.02,0.17,-0.07,-0.01,-0.03,0.03,0.02,-0.02,-0.02,0.06,0.08,-0.04,-0.02,-0.12,-0.21,-0.08,0.03,0.06,-0.03,0.07,-0.02,0.05,0.08,0.06,0.05,-0.03,0.07,-0.0,0.02,-0.02,0.07,-0.04,-0.13,0.06,-0.05,0.03,-0.06
Phantom Lancer,-0.01,0.01,-0.09,-0.19,-0.09,0.14,-0.16,-0.26,0.01,-0.05,0.01,0.0,-0.11,0.05,-0.18,-0.02,0.09,0.1,-0.19,0.01,-0.1,0.23,0.09,-0.11,0.09,0.08,0.12,0.03,0.01,0.15,0.01,-0.08,0.01,-0.18,0.06,0.09,-0.03,-0.11,0.15,0.06,0.17,-0.1,0.13,-0.34,0.01,0.36,0.17,-0.18,-0.27,-0.02,0.18,-0.03,0.0,-0.3,-0.12,0.07,0.1,0.07,0.03,-0.06,-0.01,-0.07,-0.16,-0.16,0.04,-0.27,0.18,-0.2,-0.08,0.12,-0.27,-0.1,-0.12,0.22,0.15,0.29,0.11,0.27,0.1,0.2,0.22,-0.14,0.13,0.13,-0.01,-0.09,0.0,-0.06,-0.14,-0.21,0.09,0.12,-0.06,0.03,0.28,-0.18,0.0,-0.11,0.06,0.11,0.03,-0.34,0.15,0.28,-0.09,0.15,-0.02,0.22,-0.19,-0.0,0.05,0.21,0.1,0.09,-0.16,-0.06,-0.1,0.06,-0.04,-0.07,0.08,-0.07,0.08,0.01
Puck,0.04,0.18,0.16,0.1,0.02,0.07,-0.05,0.07,-0.02,0.01,0.0,0.11,0.0,0.02,0.11,-0.2,-0.01,0.11,-0.08,-0.04,0.11,0.14,0.18,0.07,-0.09,0.0,-0.11,-0.04,0.08,0.23,-0.07,-0.19,-0.02,0.19,-0.17,-0.15,0.02,0.06,-0.02,0.03,-0.01,-0.03,0.03,-0.07,-0.1,-0.08,0.09,0.05,0.04,0.02,-0.01,-0.11,0.0,-0.03,0.07,0.25,-0.01,-0.09,-0.21,0.05,-0.07,0.12,-0.05,-0.0,-0.06,-0.09,-0.14,0.05,-0.0,0.04,0.08,-0.13,0.05,-0.03,0.01,0.16,0.07,0.08,-0.29,-0.17,0.18,0.06,0.01,0.01,0.01,-0.09,0.0,-0.09,-0.11,-0.1,-0.09,0.02,-0.06,-0.15,0.09,-0.03,0.1,-0.39,-0.02,0.1,-0.09,-0.27,-0.03,-0.07,0.05,0.01,-0.03,-0.01,0.01,0.03,0.05,0.11,0.04,0.08,0.05,0.09,0.08,-0.08,0.01,0.02,-0.06,0.03,-0.03,-0.0
Pudge,-0.09,-0.07,0.11,-0.02,0.11,-0.04,0.04,0.02,-0.0,-0.05,0.0,-0.05,-0.02,0.0,-0.02,-0.0,0.01,0.01,-0.02,-0.04,0.1,-0.01,-0.03,0.06,0.05,-0.03,0.02,0.08,0.01,0.01,-0.04,-0.02,0.11,-0.06,-0.01,-0.06,-0.09,-0.03,0.11,0.1,0.04,0.05,-0.05,0.06,-0.04,0.03,-0.03,0.04,0.04,0.04,0.01,0.06,-0.01,-0.18,0.06,-0.09,-0.11,-0.04,0.04,-0.03,0.02,-0.06,0.04,-0.06,0.12,0.09,-0.05,-0.02,-0.0,0.01,-0.04,0.04,-0.02,-0.0,0.0,0.04,-0.04,-0.02,-0.04,-0.02,0.09,-0.04,0.03,-0.11,0.03,-0.01,-0.02,0.19,0.02,0.01,0.11,-0.03,0.14,-0.03,-0.07,0.03,0.02,0.11,0.02,-0.04,-0.13,-0.14,0.03,0.05,0.01,0.07,0.03,-0.04,-0.07,0.01,0.0,0.13,0.02,-0.13,0.05,0.02,-0.03,-0.08,-0.04,-0.01,0.04,-0.14,0.02,-0.03
Razor,-0.1,0.21,-0.3,0.13,0.05,-0.08,-0.15,0.22,-0.0,0.12,0.11,0.18,-0.11,0.02,0.0,-0.17,0.11,0.03,-0.14,-0.17,-0.09,0.07,-0.1,0.09,0.04,0.15,-0.11,0.08,0.07,0.11,0.05,-0.07,0.11,-0.07,-0.03,0.23,-0.06,0.02,0.03,-0.01,-0.2,-0.07,-0.15,0.0,0.15,-0.14,0.18,0.11,-0.02,-0.1,-0.04,0.01,-0.1,-0.09,-0.27,0.01,-0.1,0.1,-0.0,0.02,0.05,-0.23,-0.13,0.15,-0.2,-0.05,-0.02,0.04,-0.08,-0.02,-0.05,0.1,0.13,0.05,0.09,-0.12,-0.01,0.17,-0.25,-0.04,0.11,-0.06,0.1,0.1,0.02,0.03,-0.05,-0.14,0.01,-0.16,0.29,-0.12,0.05,0.1,0.02,0.01,-0.11,-0.33,0.02,0.06,0.15,-0.07,0.02,0.09,-0.04,-0.05,0.09,0.09,-0.07,0.04,-0.16,0.15,0.07,0.18,-0.0,-0.41,0.11,0.02,-0.03,0.09,0.19,-0.06,0.02,0.03
Sand King,0.01,0.08,0.52,0.03,-0.12,-0.06,0.13,-0.03,-0.09,-0.03,0.08,0.02,0.2,0.0,0.17,0.0,0.01,0.2,0.03,-0.07,-0.1,0.1,-0.04,0.01,0.03,-0.15,0.05,-0.15,0.06,0.0,-0.04,-0.28,0.04,-0.01,0.1,-0.14,0.02,-0.06,-0.13,0.17,0.1,0.07,-0.1,0.07,0.03,-0.06,-0.08,0.03,-0.06,-0.04,0.01,-0.04,-0.22,-0.01,-0.04,-0.34,0.18,0.02,-0.33,-0.04,-0.15,-0.12,0.08,-0.29,0.13,0.08,-0.1,0.19,0.1,0.04,0.08,0.17,0.06,0.09,-0.1,-0.06,0.03,-0.29,-0.07,-0.23,0.12,0.03,0.13,0.12,-0.06,-0.04,0.06,0.02,-0.26,0.21,0.17,0.02,0.18,0.25,-0.05,0.14,0.02,-0.21,0.0,0.0,0.29,0.24,0.01,0.04,-0.07,0.08,0.12,-0.24,0.02,-0.29,0.09,-0.16,0.03,-0.23,-0.2,0.19,-0.06,0.04,0.04,0.06,-0.27,0.0,0.0,-0.07
Storm Spirit,-0.08,0.02,0.14,0.09,0.01,0.04,-0.07,0.03,-0.05,0.1,0.04,-0.09,0.01,-0.01,-0.11,-0.01,0.0,0.07,-0.01,-0.11,-0.06,0.06,-0.03,0.05,-0.06,-0.02,-0.02,0.03,-0.02,-0.06,-0.09,0.0,0.06,0.07,0.03,0.02,0.0,-0.08,0.01,-0.03,0.08,-0.14,0.19,0.03,-0.04,-0.04,-0.11,-0.01,0.03,0.01,0.13,0.08,-0.17,-0.02,-0.03,0.12,-0.07,-0.02,-0.24,0.0,0.03,0.19,-0.06,-0.02,0.02,-0.09,0.02,0.01,-0.06,0.0,-0.04,0.12,-0.02,-0.01,0.03,0.1,-0.12,0.2,-0.02,0.05,-0.05,-0.02,-0.03,0.06,-0.03,0.03,0.18,-0.11,0.03,-0.06,-0.2,0.02,-0.17,0.01,-0.07,-0.01,-0.01,-0.24,0.02,0.07,0.09,0.33,-0.02,-0.01,0.02,-0.03,0.01,-0.06,0.01,0.12,0.04,0.09,0.06,-0.06,-0.05,0.05,-0.02,-0.06,0.08,0.09,-0.02,0.01,-0.05,0.0
Sven,-0.12,-0.11,-0.47,0.03,-0.19,0.02,0.14,0.07,0.04,-0.06,0.02,-0.1,-0.11,-0.01,-0.03,-0.2,-0.07,0.0,-0.01,0.19,-0.21,0.13,0.14,-0.06,0.08,0.07,-0.32,-0.02,-0.15,-0.14,0.02,0.14,-0.03,-0.01,-0.11,-0.19,0.1,-0.16,0.07,-0.11,0.44,-0.04,0.13,-0.03,-0.09,0.17,-0.02,0.3,-0.04,0.09,0.0,0.14,-0.12,0.18,0.09,-0.24,0.02,-0.28,-0.09,-0.05,0.03,-0.11,-0.14,-0.07,-0.15,0.01,0.11,-0.12,-0.13,0.18,0.11,0.04,-0.07,-0.01,0.11,-0.25,0.12,-0.03,-0.42,0.19,0.02,0.26,0.04,-0.13,-0.07,0.04,0.0,0.0,-0.05,0.07,-0.49,-0.02,-0.05,0.07,0.11,0.08,0.04,-0.53,0.1,-0.04,-0.19,-0.1,0.04,-0.12,0.06,-0.01,0.12,0.2,0.19,0.07,-0.02,-0.48,0.05,-0.16,0.0,0.39,-0.03,-0.03,0.01,-0.16,0.05,-0.03,0.01,0.04
Tiny,0.02,0.09,0.06,-0.05,0.02,0.07,0.01,-0.07,0.03,0.03,-0.03,0.19,0.08,0.02,0.14,-0.03,0.01,0.01,0.0,0.12,-0.0,-0.08,-0.02,-0.0,-0.07,-0.03,0.16,-0.13,-0.11,0.02,-0.01,0.14,-0.06,0.1,0.05,-0.06,-0.05,0.01,0.08,-0.0,-0.22,0.05,-0.04,0.12,0.03,-0.09,-0.06,-0.14,0.11,-0.04,0.02,-0.02,-0.01,-0.0,-0.04,-0.0,-0.02,-0.1,-0.01,0.06,0.03,0.09,0.04,-0.01,-0.1,-0.02,-0.03,0.02,0.04,0.03,-0.0,-0.03,-0.02,-0.02,0.05,-0.08,0.13,0.1,0.11,0.05,0.07,0.01,0.02,-0.02,-0.03,0.04,-0.1,-0.02,0.06,0.03,-0.01,-0.0,-0.1,-0.05,0.06,0.03,0.01,0.02,0.02,0.01,0.04,0.16,-0.01,-0.04,0.03,0.07,-0.1,0.05,0.01,0.01,-0.01,-0.01,-0.05,-0.01,-0.02,-0.04,0.01,0.08,-0.01,-0.11,-0.0,-0.01,0.01,-0.02
Vengeful Spirit,-0.1,-0.04,-0.06,0.18,0.05,0.03,-0.01,0.28,0.05,0.13,0.06,-0.01,0.04,0.04,0.17,0.07,0.11,-0.19,-0.12,0.0,0.05,-0.22,-0.52,-0.01,-0.02,0.24,0.16,-0.26,0.17,-0.14,-0.11,-0.32,-0.04,0.23,-0.01,-0.04,0.08,-0.16,0.01,0.04,-0.17,-0.34,0.01,0.4,-0.18,-0.16,-0.11,0.1,-0.01,-0.06,-0.1,-0.01,0.09,-0.01,-0.03,0.06,-0.02,-0.08,-0.34,0.03,-0.0,-0.17,-0.02,0.05,0.53,0.02,-0.07,0.07,-0.07,0.22,-0.17,0.22,-0.05,-0.01,0.13,-0.03,-0.15,-0.02,-0.08,-0.26,-0.08,-0.01,0.17,0.17,0.03,0.17,-0.39,-0.25,-0.51,-0.08,-0.48,-0.01,-0.14,-0.48,-0.18,-0.01,-0.07,0.08,0.0,-0.01,-0.11,-0.16,0.2,0.03,0.02,0.07,0.57,-0.43,-0.11,-0.18,0.16,0.1,0.08,-0.08,0.19,-0.1,-0.11,-0.14,-0.1,-0.11,-0.07,0.07,0.17,-0.01
Windranger,0.04,-0.11,-0.03,-0.14,-0.13,0.01,0.03,0.01,-0.1,0.06,0.11,0.1,-0.11,-0.1,0.09,0.1,0.06,0.21,0.0,-0.05,0.0,0.08,-0.08,0.02,-0.11,-0.07,-0.05,-0.03,0.14,0.04,-0.01,-0.01,-0.13,-0.09,0.08,0.11,-0.04,-0.02,0.04,-0.04,-0.07,-0.03,0.02,0.01,0.06,0.14,-0.21,0.04,-0.06,-0.03,-0.12,-0.05,-0.02,0.27,-0.16,0.14,0.01,-0.13,-0.1,0.07,-0.0,-0.09,0.08,0.09,-0.1,0.06,0.08,0.05,-0.14,0.02,-0.09,0.06,0.03,0.06,-0.1,0.05,0.12,-0.06,0.1,0.06,-0.13,0.12,0.07,0.08,0.06,0.02,0.0,0.01,-0.06,-0.04,0.22,0.02,-0.06,0.33,-0.04,-0.09,0.03,-0.15,-0.05,0.03,0.02,-0.06,-0.04,-0.06,-0.05,-0.14,0.14,-0.14,0.15,-0.11,-0.09,0.16,-0.01,-0.02,0.1,0.19,-0.03,-0.01,-0.02,0.08,0.02,0.06,0.12,0.06
Zeus,0.0,0.13,0.11,0.0,-0.02,-0.07,0.06,-0.15,-0.03,0.01,0.05,-0.23,-0.14,0.01,-0.07,-0.1,-0.06,-0.13,0.08,0.22,-0.08,0.0,0.07,-0.01,-0.05,0.05,-0.05,-0.16,-0.03,0.04,-0.0,0.1,-0.02,0.11,-0.04,-0.1,-0.01,0.06,0.01,0.01,0.07,-0.06,0.09,-0.04,0.12,0.03,0.14,0.02,-0.04,-0.05,0.02,0.01,-0.06,-0.05,0.17,0.09,0.03,-0.11,-0.02,-0.05,-0.05,0.05,-0.13,0.06,0.02,-0.15,0.03,-0.0,0.02,0.12,-0.05,0.06,0.14,-0.04,-0.06,-0.2,-0.17,0.06,-0.28,-0.07,0.06,-0.02,-0.01,-0.0,0.06,0.0,0.01,0.03,-0.09,0.07,0.01,-0.04,-0.13,-0.01,0.07,0.06,-0.03,-0.3,0.0,0.05,0.03,0.04,-0.0,0.07,0.01,-0.09,0.25,0.08,-0.05,-0.16,-0.07,0.06,-0.01,0.03,0.02,0.03,0.05,-0.09,-0.08,0.04,0.09,0.03,0.03,-0.03
Kunkka,-0.12,-0.02,-0.15,0.34,-0.04,-0.09,-0.04,-0.24,0.05,0.12,-0.07,-0.09,-0.18,0.03,0.1,0.04,0.03,-0.14,0.02,0.52,0.08,-0.07,0.0,0.03,0.04,-0.22,-0.16,0.01,-0.06,0.07,-0.07,-0.06,-0.36,-0.08,0.09,-0.12,-0.05,0.13,-0.03,-0.13,-0.17,0.03,0.03,-0.26,0.13,-0.25,0.01,-0.23,0.05,-0.08,0.03,0.02,-0.18,0.16,0.11,0.18,0.15,0.1,-0.1,-0.0,-0.09,0.35,-0.01,-0.02,0.22,0.14,-0.08,0.04,-0.19,0.0,0.19,0.03,0.04,-0.02,-0.04,0.27,0.13,0.36,-0.22,-0.16,0.11,-0.06,0.02,0.12,-0.06,0.05,0.2,0.09,0.07,0.01,0.37,0.02,0.05,-0.21,0.21,-0.1,-0.07,-0.5,0.15,0.09,-0.18,0.03,-0.19,-0.17,-0.07,0.13,0.09,0.23,0.15,-0.34,-0.49,-0.05,-0.02,0.01,0.06,-0.25,0.09,-0.12,-0.05,0.11,-0.32,0.06,0.07,-0.01
Lina,-0.03,0.09,0.04,0.06,-0.03,0.0,0.05,0.0,0.04,0.1,-0.05,0.11,-0.07,-0.06,-0.09,-0.01,-0.05,0.06,0.0,0.01,-0.02,0.01,-0.03,0.0,-0.01,0.04,0.05,0.13,-0.01,-0.02,-0.03,-0.02,0.14,0.0,0.04,-0.05,0.0,0.11,0.07,0.01,-0.06,0.11,0.03,-0.05,-0.07,0.07,0.0,-0.04,-0.11,-0.07,0.06,0.05,0.02,0.01,-0.12,0.09,0.12,0.02,-0.01,-0.02,0.0,-0.11,0.01,-0.0,-0.06,0.07,0.15,-0.02,-0.1,-0.04,0.16,0.15,-0.02,-0.01,-0.07,0.03,0.19,0.15,0.0,-0.11,0.0,0.02,-0.04,-0.01,-0.02,-0.01,0.12,0.06,0.06,-0.17,-0.01,0.0,0.0,0.14,-0.0,-0.03,0.09,0.31,-0.03,0.04,0.01,-0.02,-0.14,-0.05,0.02,0.17,-0.08,0.03,0.1,0.02,0.02,0.0,-0.06,0.09,0.01,0.02,-0.03,0.01,0.02,0.02,-0.01,0.1,0.02,0.01
Lion,-0.06,0.05,-0.3,-0.29,-0.01,0.05,-0.05,0.1,-0.04,0.05,-0.14,-0.09,0.09,-0.05,-0.04,-0.03,0.06,-0.08,0.07,0.02,0.11,0.05,-0.04,0.01,0.0,-0.14,-0.04,-0.09,0.09,0.11,-0.0,-0.07,0.06,-0.1,0.19,-0.01,-0.11,-0.25,0.12,0.11,0.03,0.03,-0.09,0.08,-0.11,-0.11,0.1,0.03,-0.03,0.05,-0.21,-0.06,-0.26,0.26,-0.11,0.01,-0.21,-0.15,-0.07,0.06,-0.03,-0.08,0.01,-0.03,0.14,0.02,-0.07,-0.11,-0.06,-0.07,0.07,0.24,0.08,0.09,0.08,0.19,-0.07,0.08,0.14,0.01,0.18,-0.03,-0.03,0.02,-0.06,0.09,-0.01,0.12,0.14,-0.1,-0.26,-0.03,0.08,0.03,0.01,0.12,0.06,-0.04,-0.05,0.03,0.3,-0.3,0.03,0.26,-0.01,0.02,0.12,-0.05,0.06,0.1,-0.03,0.08,0.01,-0.07,-0.06,0.25,-0.02,0.15,0.11,-0.07,0.0,-0.06,0.1,0.09
Shadow Shaman,0.0,-0.09,-0.2,0.04,-0.1,-0.12,-0.06,0.0,-0.05,0.09,-0.19,-0.08,0.0,0.03,-0.15,0.15,0.02,-0.07,0.03,-0.24,0.07,-0.05,0.22,-0.04,0.14,0.0,0.17,-0.14,-0.01,-0.09,0.01,0.12,-0.04,-0.02,-0.05,-0.05,-0.01,-0.07,-0.04,0.0,-0.16,0.04,0.0,-0.13,0.23,-0.23,0.31,0.23,0.07,-0.02,0.06,0.02,0.16,-0.3,0.16,0.15,0.19,0.04,-0.24,-0.09,0.12,0.13,0.1,0.13,0.02,0.15,-0.31,0.09,0.05,-0.2,0.08,-0.25,-0.03,-0.12,-0.02,-0.13,0.11,-0.53,0.02,-0.02,0.08,-0.03,0.21,-0.03,0.09,0.2,0.09,0.14,-0.02,0.07,0.01,-0.06,-0.28,-0.06,0.16,-0.14,0.19,-0.15,0.12,0.09,-0.21,-0.17,-0.02,0.0,0.02,-0.01,-0.24,-0.01,-0.09,0.11,-0.14,-0.04,0.07,-0.14,0.01,0.06,-0.05,0.09,0.02,-0.12,0.03,0.06,0.01,-0.03
Slardar,-0.01,-0.06,0.22,0.06,-0.02,0.02,0.15,-0.05,0.07,0.1,0.01,-0.12,0.11,-0.02,0.11,-0.05,0.02,0.32,-0.16,-0.16,0.05,0.05,0.16,-0.05,0.04,-0.17,0.0,0.17,0.16,-0.09,0.22,0.16,-0.23,-0.0,0.15,-0.15,0.05,0.17,0.23,0.2,0.46,-0.19,-0.04,-0.11,0.09,-0.11,0.0,-0.18,0.09,-0.08,-0.15,-0.12,-0.12,-0.09,0.26,-0.03,0.27,0.32,0.2,-0.06,-0.07,-0.2,0.02,-0.17,0.14,0.15,0.51,-0.01,-0.14,0.02,-0.03,-0.18,-0.14,0.04,-0.14,-0.06,-0.15,-0.51,-0.2,-0.2,0.17,-0.03,-0.03,-0.14,-0.04,-0.16,-0.15,-0.17,-0.02,-0.11,0.03,0.02,-0.21,-0.07,-0.03,-0.0,0.08,-0.01,0.22,-0.11,0.04,0.12,0.16,-0.19,-0.07,0.06,-0.25,0.2,-0.32,0.2,-0.1,0.34,0.08,0.21,0.02,0.24,0.07,0.04,-0.19,-0.22,0.27,-0.06,0.21,-0.07
Tidehunter,0.25,-0.16,0.22,0.2,-0.08,-0.14,-0.06,-0.07,0.02,0.05,0.02,-0.03,0.04,-0.08,-0.08,0.15,-0.03,0.02,0.13,0.26,0.03,0.16,-0.01,-0.13,0.09,0.14,-0.17,0.0,-0.03,-0.06,0.05,0.25,-0.02,-0.14,0.11,-0.1,-0.01,-0.05,0.02,-0.22,0.03,-0.06,-0.1,0.02,0.06,-0.17,0.0,0.03,-0.25,-0.11,0.07,0.08,0.0,-0.17,-0.14,0.07,0.16,-0.11,0.53,-0.03,-0.08,-0.11,0.07,-0.02,0.21,0.13,0.01,-0.14,0.03,-0.06,-0.05,-0.23,0.05,0.01,0.05,0.15,0.56,0.49,0.03,0.17,0.6,-0.09,0.18,0.06,0.11,0.11,-0.3,0.08,-0.06,0.1,0.53,-0.13,0.04,0.03,-0.18,0.02,-0.3,0.29,0.04,-0.19,-0.19,0.08,0.19,-0.18,-0.04,0.13,0.2,-0.09,-0.2,0.13,0.5,-0.13,0.02,-0.04,0.03,0.06,0.08,0.05,0.16,0.38,0.07,-0.06,-0.14,-0.06
Witch Doctor,0.03,0.05,-0.21,0.02,0.02,-0.05,-0.0,0.08,-0.03,-0.05,0.09,-0.01,-0.08,-0.01,-0.07,-0.06,0.02,0.15,0.11,-0.17,-0.14,0.03,0.06,0.01,-0.09,0.01,-0.16,0.03,0.0,-0.08,-0.14,-0.01,-0.03,0.05,0.02,-0.16,-0.11,0.04,0.07,-0.07,-0.17,-0.18,0.0,0.2,0.12,-0.02,0.18,-0.25,-0.03,0.07,0.09,0.0,0.16,-0.02,-0.08,0.02,-0.02,-0.07,0.19,0.03,0.13,0.1,-0.0,0.09,0.2,0.04,0.08,0.09,0.01,-0.05,0.04,-0.01,-0.08,-0.02,0.08,0.02,-0.12,0.36,0.09,0.16,0.02,-0.06,0.32,0.07,0.04,-0.04,-0.15,-0.37,-0.01,-0.0,0.12,-0.04,0.03,-0.17,0.04,-0.09,-0.15,-0.09,-0.06,-0.08,-0.01,0.18,0.11,0.01,-0.19,-0.03,-0.33,-0.04,-0.08,0.16,0.12,-0.05,0.08,0.02,-0.03,0.19,-0.02,-0.04,0.03,-0.23,0.15,-0.1,-0.09,-0.0
Lich,0.02,0.04,-0.02,0.02,-0.03,0.03,0.09,-0.08,-0.06,-0.07,0.03,-0.15,-0.23,-0.01,-0.11,-0.0,0.06,0.14,-0.02,0.14,-0.04,-0.04,-0.07,0.02,-0.11,0.09,0.09,0.06,0.08,0.0,0.1,0.08,-0.08,-0.06,-0.08,-0.01,0.13,0.09,-0.04,-0.04,-0.25,-0.06,0.02,-0.11,0.11,-0.05,0.05,0.26,0.18,-0.13,0.07,0.07,-0.03,-0.1,-0.03,0.25,-0.03,0.17,0.04,-0.26,-0.21,-0.2,-0.05,-0.06,-0.2,0.11,0.03,0.02,-0.08,-0.14,0.08,0.17,0.03,0.01,0.06,-0.12,0.26,0.1,0.23,-0.08,0.03,-0.08,0.0,0.05,0.07,0.04,0.04,-0.18,0.14,0.14,0.07,0.01,-0.29,0.19,-0.02,-0.05,0.01,0.05,0.14,-0.03,0.08,-0.26,-0.05,-0.02,-0.07,0.04,0.3,0.12,-0.16,0.04,0.06,-0.08,-0.06,0.08,0.02,-0.06,-0.07,0.01,0.03,0.15,0.04,0.14,0.03,0.09
Riki,0.07,0.06,-0.07,-0.07,-0.05,-0.03,-0.06,0.0,-0.04,0.11,-0.02,-0.01,0.07,0.04,-0.05,0.04,0.09,-0.02,0.01,0.11,0.01,0.0,0.07,0.03,0.0,-0.01,-0.22,-0.05,0.14,-0.1,0.0,0.03,0.02,0.0,-0.06,-0.06,0.09,-0.0,-0.03,0.07,0.12,0.02,0.07,-0.01,-0.07,0.13,-0.06,0.11,0.01,0.03,0.02,-0.04,0.01,0.06,-0.04,-0.07,0.0,0.07,0.07,-0.03,-0.02,-0.09,0.09,0.02,-0.09,0.01,0.05,0.0,-0.04,-0.01,0.01,-0.09,-0.03,0.01,-0.06,-0.02,0.02,-0.01,-0.19,0.07,0.19,-0.03,-0.05,-0.02,0.0,-0.01,0.01,0.0,0.15,0.04,-0.05,0.03,0.11,0.06,-0.0,0.14,-0.02,-0.2,0.02,0.02,0.04,-0.04,-0.03,0.02,0.05,0.08,-0.16,-0.07,0.03,0.01,0.04,-0.01,0.01,-0.01,-0.04,-0.09,0.02,-0.03,0.03,0.03,-0.04,0.05,-0.01,-0.04
Enigma,-0.2,-0.16,-0.27,0.11,0.07,-0.19,-0.22,0.02,0.1,0.05,0.04,0.08,0.19,0.02,0.07,0.28,0.0,-0.14,-0.14,0.32,0.01,-0.1,0.06,0.02,0.07,-0.12,-0.16,-0.25,0.01,-0.08,-0.03,0.0,-0.28,0.12,0.22,-0.3,-0.07,0.01,0.2,0.1,0.33,-0.04,-0.05,-0.2,-0.01,-0.02,0.28,0.11,0.11,-0.01,-0.04,0.09,0.15,-0.24,0.26,-0.25,-0.03,0.01,-0.49,0.02,0.12,0.06,-0.05,-0.02,-0.48,-0.12,0.18,0.09,-0.07,0.14,0.09,-0.03,0.09,-0.1,-0.04,0.01,-0.24,-0.11,0.01,0.1,-0.42,-0.08,0.2,0.02,0.0,-0.12,0.1,-0.12,0.16,0.15,-0.05,0.09,0.52,0.18,-0.17,0.07,-0.04,0.14,-0.01,0.03,-0.02,0.0,-0.1,-0.12,-0.04,0.08,-0.44,0.01,0.15,-0.09,0.23,0.27,-0.07,0.24,0.0,0.07,-0.04,0.02,-0.01,-0.06,-0.16,-0.04,0.23,0.0
Tinker,0.11,-0.07,-0.06,0.01,0.01,0.03,-0.01,0.04,-0.03,-0.02,-0.09,-0.01,0.02,-0.11,-0.11,-0.04,-0.06,0.03,0.06,0.04,0.13,0.02,0.36,-0.14,-0.06,0.04,0.23,0.02,0.03,0.08,-0.02,0.28,0.0,0.08,-0.06,-0.22,0.0,-0.09,-0.07,-0.08,-0.26,0.04,0.03,0.21,-0.04,0.18,0.2,0.05,-0.02,0.01,0.0,0.03,0.12,0.1,0.0,0.02,0.07,-0.0,-0.17,-0.17,-0.15,-0.22,0.06,0.04,-0.2,-0.01,0.08,-0.12,-0.02,-0.03,-0.16,-0.1,-0.03,-0.01,0.02,-0.07,-0.04,0.19,-0.18,-0.03,0.15,-0.05,0.04,-0.01,0.0,-0.01,-0.03,-0.11,0.13,-0.19,-0.23,-0.0,0.11,0.26,0.02,-0.08,0.01,0.04,0.0,-0.11,0.09,-0.14,0.03,-0.02,0.05,-0.14,-0.02,-0.07,-0.01,0.08,0.36,-0.07,0.02,-0.1,0.11,0.11,0.04,-0.14,0.08,0.0,-0.01,0.0,-0.05,0.07
Sniper,-0.02,0.09,-0.39,-0.25,0.02,0.03,-0.06,0.16,-0.02,-0.05,0.05,0.18,-0.19,0.06,0.07,0.01,-0.07,0.01,-0.1,-0.23,0.09,-0.11,0.08,-0.0,0.1,0.02,0.0,0.14,-0.05,0.06,-0.0,-0.12,-0.08,0.0,0.02,0.18,0.03,0.18,0.08,0.08,0.08,-0.02,0.03,0.08,-0.17,0.05,0.06,0.03,0.16,-0.09,0.01,-0.03,-0.16,-0.03,-0.14,0.13,-0.04,0.24,-0.05,-0.08,0.12,-0.08,0.2,-0.03,0.18,-0.02,-0.19,-0.06,-0.05,0.05,-0.21,-0.09,-0.01,-0.04,0.01,0.12,0.06,0.28,0.18,0.2,0.23,-0.03,0.02,-0.04,0.03,0.06,0.06,0.05,0.01,0.16,-0.05,-0.01,0.03,-0.14,0.15,-0.04,-0.11,-0.02,0.07,0.12,-0.19,-0.04,0.09,-0.01,-0.15,-0.12,0.04,-0.04,0.03,-0.22,-0.09,-0.1,-0.04,0.15,0.12,0.1,-0.05,0.05,-0.08,-0.04,0.12,-0.05,0.02,0.11
Necrophos,-0.1,0.07,0.12,0.02,0.09,-0.15,-0.08,0.16,0.01,0.07,-0.11,-0.06,0.17,0.01,0.03,-0.1,-0.03,0.11,-0.05,0.01,-0.08,0.04,-0.09,-0.04,-0.19,0.05,-0.15,-0.11,-0.02,0.08,0.06,-0.22,0.06,-0.02,0.0,-0.29,0.06,-0.1,0.18,-0.01,0.03,0.0,-0.01,0.04,0.28,-0.11,-0.09,0.13,-0.1,0.05,-0.03,-0.02,0.03,-0.45,0.11,-0.04,0.12,-0.05,0.21,0.25,-0.01,-0.27,-0.02,-0.06,0.37,0.08,0.11,0.0,-0.07,-0.05,-0.05,-0.07,0.08,-0.2,0.02,-0.09,0.1,-0.04,-0.05,0.22,-0.23,0.05,0.05,-0.04,0.08,-0.07,0.19,0.05,0.09,0.11,-0.17,0.01,-0.16,0.12,-0.18,0.1,0.02,0.32,-0.03,-0.01,0.14,-0.22,-0.01,0.03,0.02,0.16,-0.12,-0.01,-0.07,0.11,-0.03,-0.18,0.03,0.14,-0.13,-0.16,0.06,0.04,0.08,-0.11,-0.03,0.07,-0.1,0.0
Warlock,0.02,-0.15,0.08,-0.17,0.06,-0.03,0.07,0.03,-0.0,-0.01,0.01,-0.09,0.15,0.06,-0.23,0.14,-0.02,0.19,0.06,0.04,-0.11,0.1,0.12,0.05,0.01,0.05,0.15,0.1,0.16,0.01,0.06,0.3,0.22,-0.18,0.29,0.0,0.03,-0.03,-0.02,-0.08,0.49,-0.0,-0.13,0.12,-0.1,0.0,-0.14,-0.04,-0.1,-0.0,-0.02,-0.04,-0.08,-0.27,-0.09,-0.07,-0.1,0.06,-0.22,-0.04,0.07,0.43,-0.18,-0.06,0.24,0.26,-0.19,-0.01,-0.05,0.03,-0.0,-0.03,-0.2,-0.03,0.05,-0.23,-0.12,0.02,-0.12,-0.14,-0.2,0.04,0.07,-0.08,-0.07,0.08,-0.16,-0.1,-0.05,-0.01,0.06,-0.01,-0.03,0.13,0.09,0.06,0.03,0.23,0.1,-0.08,0.03,0.17,-0.14,0.03,-0.02,0.11,-0.09,-0.09,-0.26,-0.17,-0.01,-0.05,0.14,-0.14,-0.15,0.19,-0.09,-0.29,0.16,0.16,-0.06,0.04,0.07,-0.09
Beastmaster,0.08,-0.02,-0.02,-0.22,0.01,0.07,-0.0,0.02,0.05,-0.06,-0.04,0.03,-0.02,0.09,0.06,-0.02,0.0,-0.1,0.05,-0.08,0.04,0.01,0.05,-0.0,0.11,0.01,-0.05,0.01,0.11,-0.13,-0.09,0.07,0.0,-0.04,-0.06,-0.03,0.0,0.13,-0.15,0.12,0.24,-0.0,-0.22,-0.02,0.05,0.07,-0.19,0.13,0.02,-0.04,-0.08,0.05,-0.05,0.1,0.17,-0.26,0.0,0.02,0.1,-0.14,0.04,0.04,-0.05,-0.02,-0.09,0.08,0.05,-0.02,0.09,-0.07,0.08,0.03,-0.02,0.08,0.08,0.03,0.12,-0.14,0.14,-0.33,-0.12,-0.05,0.07,0.04,-0.04,0.12,0.0,-0.2,-0.17,0.06,-0.07,0.01,-0.21,-0.0,-0.01,-0.12,0.04,-0.31,0.03,-0.08,0.02,-0.11,-0.06,-0.03,-0.05,0.0,-0.16,0.11,0.09,-0.02,0.09,-0.21,-0.07,-0.01,-0.0,0.24,-0.04,0.05,-0.06,-0.03,-0.03,0.0,0.03,-0.15
Queen of Pain,-0.14,0.03,-0.19,-0.11,-0.02,0.05,0.04,-0.11,0.03,-0.05,0.02,0.11,-0.06,0.03,-0.02,0.06,0.08,0.16,-0.01,0.16,0.02,-0.06,-0.13,-0.11,0.25,0.07,-0.17,0.05,-0.04,-0.1,0.0,-0.01,0.09,-0.18,0.1,0.03,-0.13,0.0,0.19,-0.12,-0.04,-0.08,-0.02,-0.08,0.1,0.0,0.0,-0.08,-0.13,-0.03,-0.02,0.0,0.02,0.06,0.08,0.09,0.0,-0.11,0.17,-0.03,0.0,0.04,0.04,0.05,0.07,-0.03,0.1,-0.04,-0.06,0.12,-0.08,0.08,0.02,-0.08,-0.01,-0.05,-0.16,-0.29,-0.08,-0.06,-0.18,0.01,0.07,-0.02,-0.03,0.03,0.2,0.08,-0.07,0.04,0.1,0.05,-0.09,-0.03,-0.03,0.08,0.1,0.06,0.03,0.0,-0.14,-0.21,0.11,-0.06,-0.01,-0.08,-0.24,0.11,0.1,-0.17,0.12,0.01,0.05,-0.11,0.07,0.03,0.09,0.03,0.09,0.02,-0.02,0.0,-0.08,-0.01
Venomancer,0.01,-0.09,0.39,0.3,-0.02,-0.03,0.11,-0.04,0.05,-0.05,0.05,-0.15,0.02,-0.11,-0.03,0.13,-0.01,-0.07,-0.08,-0.01,-0.04,-0.01,0.03,-0.07,-0.12,0.04,-0.23,-0.02,-0.07,0.04,0.03,-0.2,0.07,-0.08,-0.18,0.02,0.15,-0.19,0.0,0.08,0.15,-0.06,0.08,-0.1,0.14,0.11,-0.02,-0.01,-0.19,-0.12,0.09,0.16,-0.22,0.06,-0.18,-0.16,-0.2,0.01,0.18,-0.23,-0.03,0.03,0.14,0.11,-0.01,0.14,-0.05,-0.05,-0.09,0.14,0.22,-0.08,0.2,0.1,-0.09,0.07,-0.17,-0.2,0.43,-0.19,0.14,0.13,0.05,0.02,0.03,-0.08,0.05,0.02,0.18,0.13,0.01,0.01,0.12,-0.16,0.07,0.06,-0.1,0.11,-0.04,-0.03,0.13,-0.36,0.06,0.04,-0.1,-0.06,0.06,0.06,0.27,-0.07,-0.34,0.23,0.1,-0.1,0.05,-0.2,-0.02,0.01,-0.14,0.12,0.07,-0.09,0.01,0.01
Faceless Void,-0.23,-0.04,0.05,0.07,-0.01,0.0,-0.08,-0.05,-0.05,-0.02,-0.08,-0.06,-0.03,-0.1,0.01,-0.17,0.03,0.11,0.0,-0.04,0.04,-0.01,0.13,-0.01,-0.11,0.0,-0.2,0.22,0.07,0.04,-0.07,-0.1,0.08,-0.08,0.01,0.08,-0.12,0.12,-0.08,0.0,-0.0,-0.07,-0.04,-0.1,0.05,0.08,-0.27,-0.18,0.06,0.02,-0.03,0.0,0.2,0.02,0.02,-0.05,0.12,-0.04,-0.03,-0.01,-0.04,0.0,0.05,0.07,-0.32,-0.07,-0.3,0.06,0.01,0.07,0.12,0.12,0.05,-0.02,0.11,-0.08,-0.07,0.09,0.22,-0.23,0.27,-0.05,0.06,-0.0,-0.03,0.06,0.08,0.01,-0.01,0.08,-0.01,-0.0,0.42,-0.08,-0.03,0.06,0.2,-0.11,0.0,-0.06,0.15,0.1,0.1,-0.13,-0.04,0.16,0.22,0.12,0.03,-0.03,0.03,-0.14,0.05,-0.03,0.09,-0.35,0.0,0.04,0.02,-0.12,-0.05,-0.0,0.07,-0.05
Wraith King,-0.12,-0.1,-0.41,0.42,-0.03,-0.02,0.06,0.01,-0.19,0.16,-0.01,-0.17,0.01,-0.04,0.2,-0.1,-0.08,-0.44,0.23,0.17,0.07,-0.07,0.17,0.06,-0.03,0.16,-0.46,-0.03,0.17,0.25,-0.12,-0.33,0.26,-0.08,-0.03,-0.49,-0.24,0.04,-0.15,0.0,0.0,0.03,-0.06,0.03,-0.07,0.24,0.54,-0.18,0.11,0.09,-0.02,-0.07,0.4,0.22,0.26,-0.39,-0.18,0.13,-0.03,-0.15,-0.04,-0.45,-0.08,-0.05,-0.02,-0.2,-0.2,-0.01,-0.07,0.1,0.19,-0.04,0.01,-0.02,0.06,-0.26,0.27,0.36,0.24,-0.13,-0.14,-0.21,-0.14,0.19,0.03,-0.02,0.16,0.02,-0.21,-0.1,-0.43,0.06,0.38,0.07,0.13,-0.07,-0.23,0.53,0.12,0.1,-0.26,-0.11,0.01,-0.04,-0.1,-0.12,0.33,0.29,0.04,0.17,-0.13,0.08,-0.11,0.14,-0.18,-0.01,0.16,-0.33,-0.05,0.19,0.21,-0.22,-0.03,-0.01
Death Prophet,-0.05,0.1,0.11,-0.13,0.08,-0.03,0.01,-0.03,-0.02,-0.01,-0.04,0.1,0.03,-0.05,0.07,-0.07,0.14,0.04,-0.05,0.34,0.03,0.06,-0.03,-0.11,-0.03,-0.04,0.19,0.06,0.18,0.06,-0.02,0.04,-0.04,0.02,-0.0,0.0,0.0,0.08,0.06,0.07,-0.03,0.0,0.16,-0.07,-0.02,-0.02,0.16,-0.03,0.13,0.0,0.05,0.0,-0.03,0.04,-0.04,-0.18,0.06,-0.06,-0.01,-0.02,-0.08,0.13,-0.05,-0.06,-0.07,0.1,0.02,0.06,-0.0,0.03,-0.07,0.09,-0.05,0.03,0.02,0.09,0.04,0.07,-0.03,0.21,0.19,-0.01,-0.08,0.02,0.02,-0.04,-0.05,-0.1,0.0,0.06,0.08,0.0,0.07,0.32,0.03,-0.04,0.01,0.28,0.01,0.04,-0.01,0.09,-0.06,-0.03,-0.03,0.06,0.01,-0.01,0.08,-0.12,-0.09,0.0,0.02,-0.11,-0.0,0.07,-0.02,0.0,-0.03,0.11,-0.01,-0.07,-0.05,0.0
Phantom Assassin,0.11,0.05,0.08,0.04,0.0,0.05,-0.15,0.01,0.0,-0.05,-0.09,-0.13,-0.03,0.05,0.15,0.1,-0.19,-0.13,0.04,-0.01,-0.02,-0.09,-0.03,-0.03,0.09,0.0,0.04,0.1,0.0,-0.02,-0.07,0.05,-0.03,-0.03,0.01,0.13,0.22,0.02,-0.08,0.04,0.06,-0.16,0.0,0.3,0.23,0.27,-0.05,0.0,0.06,-0.1,-0.12,0.01,-0.02,-0.3,-0.13,-0.07,0.0,0.14,-0.12,-0.01,-0.22,0.05,0.04,0.02,-0.18,0.02,-0.09,0.0,-0.1,-0.15,0.13,0.04,0.03,-0.01,0.15,-0.1,0.11,-0.1,-0.2,0.02,-0.09,-0.01,-0.16,-0.03,0.02,0.03,-0.05,-0.06,0.02,-0.01,-0.06,-0.07,0.08,0.08,0.07,0.03,0.05,0.09,-0.06,0.02,-0.04,0.0,-0.09,0.13,-0.07,-0.08,0.2,0.0,-0.02,0.18,-0.19,-0.08,-0.08,0.12,0.03,0.08,0.05,0.18,0.1,-0.05,-0.06,0.02,-0.06,0.0
Pugna,0.01,0.11,-0.24,0.03,0.16,0.02,0.01,-0.02,0.05,-0.02,0.06,0.34,0.07,-0.06,0.0,-0.07,-0.03,0.03,-0.12,-0.4,-0.01,0.04,0.26,0.05,-0.08,0.13,0.11,-0.02,-0.2,0.11,0.01,0.2,-0.21,-0.08,-0.04,-0.12,0.02,0.08,0.1,0.1,-0.03,0.07,-0.3,0.0,0.09,-0.16,-0.09,0.21,-0.08,0.0,0.05,-0.02,0.2,0.23,-0.04,-0.25,-0.11,0.09,-0.46,0.11,0.13,0.02,-0.0,-0.01,-0.0,0.07,-0.21,-0.15,0.05,-0.08,-0.17,-0.11,0.04,-0.0,0.09,-0.11,-0.18,-0.19,0.04,0.07,-0.39,0.04,0.11,-0.04,0.02,0.03,-0.28,-0.04,-0.13,-0.03,-0.24,-0.06,0.1,0.21,0.02,0.09,-0.23,0.07,0.0,-0.02,0.01,0.15,0.14,0.03,0.11,0.21,0.39,0.2,0.21,-0.05,0.21,-0.14,-0.21,-0.06,0.05,-0.1,0.05,-0.06,0.11,0.1,0.01,-0.07,-0.17,-0.01
Templar Assassin,-0.06,-0.09,-0.01,-0.38,-0.05,0.03,0.16,0.06,-0.05,-0.05,0.0,-0.01,0.1,0.04,-0.15,-0.03,0.04,0.09,-0.03,0.18,-0.06,-0.12,-0.13,0.07,0.11,-0.23,-0.09,-0.06,-0.12,-0.11,0.07,0.01,0.04,0.17,-0.28,0.1,-0.05,-0.1,-0.14,-0.05,0.07,0.02,-0.23,-0.09,0.0,0.02,0.06,-0.14,-0.03,-0.02,0.03,-0.03,0.02,0.13,-0.18,0.11,-0.05,-0.03,-0.03,-0.16,0.04,-0.08,0.16,-0.02,-0.27,-0.01,-0.12,0.13,0.11,0.03,-0.07,-0.22,0.02,0.03,0.1,0.03,-0.21,0.43,-0.04,-0.29,0.18,-0.09,-0.12,-0.07,0.11,0.0,-0.04,-0.07,0.0,-0.1,-0.03,-0.01,-0.02,-0.07,0.02,-0.07,0.03,-0.24,0.05,-0.09,-0.17,0.19,0.02,0.05,-0.0,-0.03,-0.08,0.02,-0.09,-0.07,0.11,-0.52,0.01,0.01,0.03,-0.16,0.04,-0.09,0.0,0.21,0.01,-0.01,0.08,-0.01
Viper,-0.02,0.2,-0.01,0.04,-0.04,0.05,-0.09,-0.04,-0.05,-0.03,-0.15,-0.36,0.08,-0.03,0.14,0.06,0.04,-0.17,0.09,0.16,-0.14,-0.03,0.25,-0.07,0.11,0.23,0.11,0.17,0.02,0.05,-0.13,0.02,-0.18,-0.05,0.11,-0.0,-0.07,-0.0,-0.11,-0.08,-0.24,0.02,-0.27,0.16,-0.02,0.0,0.23,0.14,0.17,-0.03,-0.08,-0.05,0.15,-0.05,-0.05,0.14,-0.01,0.26,0.03,-0.12,-0.02,0.05,0.03,0.13,0.21,0.17,-0.18,-0.02,0.08,0.09,-0.01,0.33,-0.03,0.01,-0.11,-0.09,-0.15,-0.51,0.15,0.17,0.17,0.1,0.15,-0.21,-0.03,0.03,0.02,-0.17,0.11,0.11,0.22,-0.04,0.1,0.07,0.01,0.07,0.03,0.2,0.0,0.02,0.19,-0.03,0.02,-0.08,0.05,0.09,0.01,0.01,0.02,0.03,0.21,-0.29,-0.02,-0.24,-0.04,-0.14,-0.09,0.04,0.06,-0.21,-0.18,-0.04,0.1,0.09
Luna,-0.13,-0.05,-0.45,-0.05,-0.07,-0.07,0.02,-0.12,0.03,0.09,0.14,-0.17,-0.09,0.03,-0.18,0.08,0.11,0.02,0.06,0.11,0.21,-0.14,-0.01,-0.0,-0.1,-0.31,0.0,0.0,-0.18,-0.05,0.06,-0.28,-0.2,-0.06,0.09,0.14,0.19,-0.0,0.02,0.27,-0.54,-0.16,0.05,0.09,-0.06,-0.23,0.0,0.01,-0.07,-0.29,0.02,-0.16,-0.25,-0.22,-0.02,-0.18,0.16,-0.02,0.28,-0.13,-0.06,0.18,-0.14,-0.27,0.21,-0.0,0.18,0.12,0.03,0.18,0.03,-0.31,-0.2,-0.17,-0.12,-0.19,0.36,0.32,0.1,0.21,-0.4,-0.09,0.01,-0.08,-0.02,-0.1,0.09,0.25,0.07,-0.04,0.53,-0.03,-0.26,0.53,0.15,-0.2,0.0,0.49,-0.09,0.11,-0.17,-0.15,0.12,-0.01,0.22,-0.13,-0.42,0.02,-0.17,0.15,0.1,-0.13,0.26,0.23,-0.0,0.19,-0.03,-0.01,0.03,-0.11,0.07,0.22,0.12,-0.12
Dragon Knight,-0.05,-0.17,0.01,0.01,-0.08,0.01,0.06,0.01,0.09,-0.04,0.04,0.18,-0.05,-0.04,-0.11,-0.03,0.01,-0.3,0.14,-0.1,-0.04,-0.02,0.23,0.04,-0.03,-0.23,0.18,-0.03,0.25,-0.26,-0.11,-0.11,-0.05,-0.03,-0.13,0.04,-0.13,0.08,0.01,0.18,0.18,0.03,0.0,-0.21,0.14,-0.14,-0.01,0.0,0.01,-0.04,0.14,0.01,0.09,-0.03,0.1,0.18,0.03,-0.09,0.33,-0.22,0.01,0.21,0.04,0.1,-0.09,-0.07,-0.28,0.05,-0.08,-0.08,0.09,-0.12,-0.03,0.04,0.01,0.15,-0.04,-0.06,-0.06,0.01,-0.22,-0.08,-0.15,0.13,0.03,0.0,0.12,0.05,-0.11,-0.03,0.09,-0.02,-0.45,-0.21,-0.08,-0.08,0.08,-0.17,0.04,0.0,-0.01,-0.11,-0.03,-0.11,0.02,-0.15,-0.41,0.04,-0.04,-0.34,-0.37,-0.01,-0.02,0.06,0.07,0.19,-0.06,0.05,0.08,0.1,0.13,-0.16,0.01,0.08
Dazzle,0.02,0.07,0.3,-0.22,0.04,0.06,0.02,-0.04,-0.0,-0.03,-0.04,0.27,-0.04,-0.04,0.02,0.06,-0.03,0.04,-0.11,0.01,0.06,0.04,-0.05,0.11,0.03,-0.07,-0.09,0.25,0.03,-0.18,-0.01,-0.11,0.02,-0.16,0.1,0.1,-0.02,0.13,0.19,-0.06,-0.11,-0.13,-0.06,0.08,0.03,-0.17,0.07,-0.01,0.0,0.07,-0.09,-0.08,-0.14,-0.15,0.07,0.19,0.01,-0.07,-0.03,-0.11,-0.19,-0.04,0.16,0.12,0.16,-0.12,0.18,-0.05,0.06,0.03,-0.14,-0.04,0.08,-0.02,-0.04,0.02,0.06,0.29,0.04,-0.1,0.35,-0.0,-0.23,-0.07,-0.03,-0.06,-0.03,0.01,0.03,-0.01,0.13,0.13,-0.21,-0.4,-0.06,0.03,0.07,-0.22,0.02,-0.03,-0.14,0.27,0.12,0.01,0.08,0.09,0.47,-0.12,0.0,-0.02,0.1,0.04,-0.03,0.03,0.04,0.14,-0.05,-0.26,0.02,0.07,0.06,0.06,-0.05,0.02
Clockwerk,0.05,0.01,-0.11,0.15,0.02,-0.02,-0.01,0.1,-0.02,-0.07,0.13,0.02,-0.02,-0.04,0.1,0.04,-0.01,-0.09,0.04,0.06,0.03,0.05,0.08,0.07,-0.05,0.02,0.08,0.11,-0.07,0.13,-0.03,0.01,-0.01,0.09,-0.05,-0.0,0.04,0.03,0.12,-0.02,-0.09,0.0,0.1,0.0,0.02,0.03,0.29,0.04,-0.07,0.0,0.0,0.0,-0.09,-0.1,0.0,0.0,-0.04,0.06,0.11,-0.05,0.05,0.17,-0.09,-0.02,-0.3,0.02,0.06,0.02,-0.12,-0.08,-0.02,-0.08,0.06,0.01,-0.01,-0.08,-0.12,-0.25,0.02,0.02,-0.16,0.05,0.13,0.0,0.01,0.02,-0.05,0.07,0.05,-0.09,-0.07,-0.08,0.02,-0.06,0.04,-0.02,0.0,-0.13,0.0,0.01,-0.16,0.09,0.05,0.03,-0.01,0.1,0.23,-0.06,0.13,-0.19,-0.15,0.02,-0.02,-0.01,0.02,0.02,0.04,-0.08,-0.05,0.12,0.05,-0.05,0.01,-0.03
Leshrac,0.05,0.22,0.0,-0.06,0.03,-0.02,0.07,-0.08,0.01,-0.03,0.02,-0.18,0.01,-0.01,0.04,-0.01,-0.13,0.0,-0.02,0.1,0.12,-0.02,-0.03,-0.06,0.21,-0.06,0.15,-0.07,-0.09,-0.07,-0.02,0.04,0.0,-0.01,0.03,0.02,0.08,0.02,-0.09,0.03,0.02,-0.05,0.12,-0.05,-0.03,0.08,-0.02,-0.14,0.09,0.0,0.0,0.03,0.01,-0.01,0.03,0.02,-0.05,-0.09,-0.02,0.03,0.06,0.22,-0.13,0.08,0.11,0.0,-0.04,0.05,-0.02,-0.02,0.01,-0.12,-0.16,-0.06,-0.02,-0.01,0.23,-0.03,-0.07,0.22,0.08,0.06,-0.08,-0.01,0.01,-0.07,-0.17,0.09,-0.05,0.07,-0.1,0.03,0.09,0.09,0.12,-0.02,0.05,0.47,0.02,-0.04,0.14,-0.17,-0.1,0.04,-0.06,-0.08,-0.27,-0.11,0.05,0.51,-0.16,0.21,0.02,-0.05,0.02,-0.22,0.0,-0.03,0.01,-0.01,-0.03,0.06,-0.01,0.03
Nature's Prophet,0.03,0.07,-0.08,0.14,-0.04,0.03,0.03,0.0,0.03,0.04,-0.03,0.03,0.11,-0.06,-0.01,0.04,-0.08,-0.14,0.02,0.01,0.05,-0.01,-0.02,-0.05,0.06,-0.02,0.12,-0.08,0.0,-0.07,0.04,-0.09,-0.03,0.03,0.02,0.04,-0.05,0.0,-0.16,0.0,0.07,0.0,-0.01,0.02,0.03,0.05,0.16,-0.01,0.08,0.0,-0.03,0.0,0.16,0.07,0.02,-0.05,0.03,0.04,-0.07,0.01,-0.08,0.05,-0.07,0.03,0.1,-0.04,-0.01,0.04,-0.01,0.0,-0.06,0.01,0.08,0.01,0.04,0.02,-0.07,0.18,-0.13,-0.08,-0.19,0.05,0.06,-0.01,0.0,0.03,-0.03,0.02,-0.09,0.05,0.13,0.0,-0.36,0.1,0.05,0.02,-0.01,-0.28,-0.02,0.02,0.07,0.0,-0.05,-0.03,0.01,0.04,-0.17,-0.02,-0.04,-0.07,-0.05,0.02,-0.02,0.01,0.03,0.08,0.03,0.04,0.04,0.03,-0.07,0.03,0.0,-0.04
Lifestealer,0.14,-0.11,0.05,0.0,-0.05,0.04,-0.13,0.07,-0.0,-0.11,-0.02,0.0,0.0,0.01,0.1,0.22,0.17,0.12,0.01,-0.09,0.02,0.06,0.18,-0.02,0.26,-0.16,0.12,0.0,-0.16,0.03,-0.01,-0.15,-0.12,0.16,-0.03,0.08,0.05,-0.02,0.22,-0.2,-0.4,0.03,0.02,-0.2,-0.02,-0.15,0.25,-0.09,0.14,0.09,-0.01,-0.16,0.0,-0.09,-0.0,0.3,-0.2,0.14,0.07,-0.14,-0.05,-0.02,0.12,-0.18,-0.46,0.03,-0.05,0.05,-0.14,-0.22,0.03,-0.1,0.02,-0.03,0.15,-0.14,-0.3,0.29,0.1,0.21,-0.4,-0.04,0.14,-0.15,0.06,-0.09,0.04,-0.13,0.02,-0.22,0.03,0.02,0.04,0.2,0.05,0.03,0.04,-0.51,-0.13,0.12,-0.19,0.06,-0.17,0.13,0.05,0.09,0.18,-0.32,0.06,-0.04,-0.04,0.04,0.13,0.14,-0.14,-0.13,-0.07,-0.13,-0.01,0.02,0.06,0.17,0.05,0.13
Dark Seer,-0.16,-0.07,-0.13,-0.25,-0.02,0.18,0.13,0.02,-0.06,0.07,0.1,0.3,0.03,0.18,0.09,0.01,0.02,-0.18,0.0,0.01,-0.27,0.05,-0.16,-0.01,-0.26,0.3,0.09,0.17,0.02,0.1,-0.06,0.24,-0.1,0.03,0.45,0.27,-0.1,-0.06,-0.06,-0.02,-0.22,-0.04,0.3,-0.23,-0.13,0.05,0.22,0.03,0.15,0.1,0.01,-0.07,0.09,0.0,0.11,0.13,0.02,-0.05,0.31,0.13,-0.07,-0.01,-0.2,0.01,-0.04,-0.05,-0.07,-0.01,-0.13,-0.17,0.05,-0.11,-0.2,-0.05,-0.14,-0.19,0.04,-0.09,-0.23,0.42,-0.48,0.18,0.1,0.1,-0.02,-0.14,0.22,0.07,-0.03,-0.08,-0.05,0.03,-0.29,0.2,0.01,0.03,0.0,-0.02,0.05,0.17,0.06,0.19,-0.1,-0.12,-0.06,-0.1,0.1,0.08,-0.08,-0.3,-0.08,0.06,0.1,0.13,0.05,-0.23,-0.03,0.0,-0.01,-0.01,-0.18,-0.11,-0.01,0.04
Clinkz,-0.09,-0.15,-0.5,-0.3,0.04,-0.09,0.02,-0.02,0.18,0.01,0.06,0.12,-0.07,-0.06,0.27,0.04,0.03,-0.09,0.04,0.03,0.16,-0.17,-0.11,0.12,0.11,-0.16,-0.26,0.14,0.08,0.03,0.04,-0.26,0.0,0.14,-0.11,0.09,-0.17,-0.08,0.18,-0.02,-0.26,0.04,0.13,0.04,0.18,0.05,0.02,-0.1,-0.07,0.0,-0.03,-0.02,0.0,-0.11,0.0,0.09,-0.06,-0.08,0.15,0.13,-0.16,-0.25,0.05,-0.11,0.09,0.21,-0.04,0.01,0.03,0.27,0.1,0.17,0.14,-0.08,-0.03,-0.28,0.22,-0.23,0.17,0.12,0.35,0.03,-0.21,-0.08,0.0,0.03,0.0,-0.37,-0.34,-0.08,-0.02,0.02,0.09,0.15,-0.09,0.06,0.18,0.11,-0.02,-0.02,0.12,-0.33,-0.01,-0.14,0.06,0.06,0.03,0.06,0.07,-0.02,0.3,-0.41,0.05,0.07,-0.02,-0.36,-0.02,-0.25,-0.06,0.1,-0.05,-0.14,0.01,-0.02
Omniknight,-0.08,0.04,-0.08,0.16,-0.01,0.09,-0.0,-0.07,0.15,-0.04,0.16,-0.07,-0.25,0.09,-0.01,0.34,-0.12,0.24,0.0,-0.06,-0.14,-0.09,-0.18,-0.09,-0.01,-0.15,0.03,-0.07,-0.02,-0.25,0.07,0.25,-0.02,-0.13,0.04,0.07,0.26,-0.09,0.16,0.05,0.39,0.18,0.07,0.25,-0.11,-0.14,0.18,-0.18,-0.19,0.0,-0.02,0.05,-0.3,-0.13,-0.09,0.0,0.01,-0.24,-0.14,-0.1,0.01,-0.42,-0.28,0.14,-0.03,-0.04,-0.26,-0.02,-0.01,-0.03,-0.04,0.02,0.13,-0.1,-0.05,-0.18,-0.31,-0.18,0.03,0.43,0.03,0.11,0.14,0.05,-0.07,0.03,-0.11,-0.05,0.21,-0.04,-0.04,-0.08,-0.03,0.46,0.01,-0.13,0.23,0.02,0.0,-0.07,-0.57,-0.55,0.04,0.05,0.02,0.14,0.15,-0.16,0.26,0.34,0.43,0.47,0.08,0.43,-0.04,0.42,0.07,-0.11,-0.05,0.09,-0.33,-0.11,0.12,0.07
Enchantress,-0.11,0.05,0.15,-0.07,-0.03,-0.04,0.07,0.01,-0.03,0.05,0.11,-0.1,0.01,0.11,0.1,-0.18,0.07,-0.02,0.02,0.02,-0.01,-0.03,-0.15,-0.12,0.21,-0.19,-0.27,-0.16,0.02,0.03,-0.0,0.03,-0.07,0.04,-0.12,0.1,-0.0,-0.0,0.2,-0.12,0.18,-0.06,0.0,0.11,0.05,0.01,-0.16,-0.03,-0.01,0.04,0.05,-0.03,0.2,-0.02,0.06,-0.01,0.0,-0.07,-0.19,-0.03,0.05,-0.1,-0.06,-0.01,-0.08,-0.08,0.12,0.05,-0.01,0.11,-0.08,0.03,-0.01,0.02,0.0,0.13,-0.03,-0.21,0.38,-0.2,0.11,-0.0,-0.04,-0.01,-0.07,-0.02,-0.02,0.02,-0.08,-0.12,-0.13,0.07,0.11,0.02,-0.07,0.02,0.0,0.14,0.09,0.01,0.13,-0.03,0.03,-0.02,0.04,-0.1,-0.03,0.07,-0.05,0.04,-0.34,-0.15,0.04,-0.01,-0.06,0.09,-0.08,0.01,0.01,-0.02,-0.07,-0.1,-0.04,-0.01
Huskar,0.1,-0.11,0.09,-0.14,0.12,-0.03,-0.09,-0.01,-0.08,0.05,-0.02,-0.07,0.09,0.04,-0.1,-0.02,0.02,0.28,0.1,0.08,0.13,0.11,-0.1,-0.02,0.15,-0.04,-0.32,0.11,0.07,-0.17,-0.07,-0.01,0.0,-0.24,0.05,-0.06,-0.02,0.11,-0.01,0.04,-0.13,0.06,-0.14,-0.09,0.03,-0.26,0.02,0.09,0.07,-0.06,0.09,-0.04,-0.14,0.05,0.08,0.24,0.07,0.0,0.11,-0.14,-0.01,-0.08,0.08,0.04,-0.09,-0.17,0.08,0.08,0.04,-0.04,0.09,0.22,-0.05,0.02,-0.06,0.0,-0.09,-0.24,0.14,-0.28,0.13,-0.05,0.0,-0.08,0.09,-0.04,-0.11,-0.05,0.01,0.21,-0.25,0.03,-0.04,0.0,0.07,-0.07,-0.03,-0.54,0.05,0.11,-0.11,-0.22,0.02,0.0,0.12,-0.06,0.12,0.05,-0.03,-0.2,0.07,-0.16,-0.05,-0.18,-0.1,-0.24,-0.18,-0.13,-0.01,0.09,0.09,0.03,0.12,0.0
Night Stalker,-0.04,-0.17,-0.23,0.09,-0.07,-0.03,0.03,-0.03,0.06,0.18,0.01,-0.03,0.21,-0.04,0.0,0.33,0.24,0.09,0.01,0.34,0.1,0.02,0.1,0.01,0.07,0.24,-0.2,-0.53,-0.19,-0.04,-0.07,0.49,0.17,0.05,-0.21,0.22,-0.1,-0.17,-0.18,0.03,0.03,0.01,0.12,0.46,0.03,-0.03,-0.28,-0.33,0.03,-0.11,0.02,0.07,-0.07,-0.31,-0.15,0.14,0.19,-0.11,0.0,0.01,0.04,-0.02,-0.08,-0.34,0.18,-0.06,-0.09,-0.19,0.05,-0.03,0.03,0.2,0.0,0.04,-0.06,-0.11,0.1,-0.14,-0.43,-0.03,-0.03,0.03,-0.44,0.12,0.01,-0.02,-0.09,0.05,0.07,-0.17,-0.3,0.12,-0.49,0.0,-0.23,0.17,0.16,-0.54,-0.08,-0.05,0.04,0.49,0.05,-0.1,-0.02,-0.35,-0.05,-0.28,-0.2,0.25,0.14,0.11,0.03,-0.2,0.1,-0.16,0.11,-0.18,-0.02,0.26,0.3,0.21,0.16,-0.03
Broodmother,-0.29,0.14,0.16,-0.04,-0.1,0.0,-0.08,0.38,-0.04,0.02,0.0,0.06,-0.05,0.03,-0.02,0.04,0.0,0.05,-0.06,-0.03,-0.07,0.05,0.0,0.02,-0.06,0.09,0.06,0.03,-0.03,0.26,0.03,-0.02,0.17,0.08,-0.25,0.04,0.14,0.03,0.23,0.01,0.15,0.02,0.01,-0.11,0.16,0.12,0.13,0.22,0.11,0.05,-0.03,-0.01,0.14,-0.13,-0.13,0.1,0.03,0.14,-0.01,0.0,-0.01,0.08,0.01,-0.0,-0.06,-0.02,0.14,-0.01,0.11,-0.1,-0.07,0.13,-0.03,-0.1,-0.02,-0.05,-0.12,-0.02,0.25,0.13,-0.04,0.01,0.01,-0.01,0.0,0.06,0.1,-0.01,0.11,-0.07,-0.18,-0.05,0.17,-0.1,-0.04,-0.01,-0.16,0.45,0.04,0.0,0.13,0.08,0.01,-0.01,0.05,0.08,-0.46,-0.11,0.0,-0.24,0.03,0.41,0.02,-0.06,0.01,-0.05,0.03,-0.12,-0.01,0.09,0.03,-0.09,-0.05,0.01
Bounty Hunter,0.04,0.17,-0.04,-0.07,0.0,-0.02,0.01,-0.13,0.05,-0.03,-0.08,0.01,0.07,-0.02,-0.05,0.15,-0.03,-0.03,-0.03,0.0,0.0,0.05,0.09,0.0,0.03,-0.12,0.07,0.08,-0.13,0.21,0.02,-0.12,0.15,-0.12,0.01,-0.07,-0.04,-0.0,0.03,0.04,0.04,0.08,0.22,-0.13,-0.04,0.02,0.06,-0.01,0.19,-0.05,-0.06,0.08,0.05,0.07,0.16,-0.01,-0.05,0.01,-0.04,0.01,0.0,0.01,-0.02,0.02,0.0,0.11,-0.08,-0.06,-0.06,0.08,-0.1,-0.01,0.07,0.02,-0.05,0.06,0.04,-0.08,0.31,-0.09,0.02,-0.06,0.16,-0.06,0.02,-0.05,-0.02,0.0,0.0,0.09,-0.09,-0.02,-0.08,-0.15,-0.0,-0.03,-0.06,0.15,-0.02,0.04,0.03,0.0,-0.03,0.09,-0.07,-0.11,-0.07,0.07,-0.04,-0.13,0.01,0.07,0.03,-0.16,-0.06,-0.05,-0.04,-0.02,0.0,-0.01,0.15,-0.06,-0.04,-0.01
Weaver,0.06,-0.05,0.21,-0.31,0.11,-0.13,-0.08,-0.28,-0.03,0.03,-0.12,0.07,-0.12,0.06,0.23,0.12,-0.19,0.11,-0.09,0.17,0.09,-0.05,-0.35,0.11,0.08,-0.13,0.2,0.11,-0.1,0.2,0.09,-0.06,0.22,0.08,0.27,-0.43,-0.04,-0.04,-0.03,-0.0,0.45,-0.13,-0.05,-0.02,0.08,-0.05,-0.18,-0.21,0.04,-0.17,-0.22,-0.05,0.02,0.01,0.25,0.42,0.1,0.08,0.02,-0.08,-0.01,0.0,-0.17,-0.06,0.2,-0.1,-0.17,0.05,0.04,-0.15,0.02,0.04,-0.1,0.03,0.1,-0.08,-0.12,0.19,-0.03,-0.26,-0.41,0.04,0.03,-0.12,-0.03,-0.12,-0.06,0.24,0.01,-0.08,0.23,-0.03,0.1,0.27,-0.03,0.15,-0.07,-0.02,-0.03,0.06,0.19,-0.49,0.05,-0.06,0.08,-0.04,0.28,-0.21,0.13,0.14,-0.11,0.33,0.05,0.2,0.17,-0.02,-0.18,0.06,0.06,0.07,0.05,0.04,0.08,0.01
Jakiro,0.04,0.03,-0.14,0.12,-0.11,0.03,0.04,-0.17,-0.05,0.01,0.02,0.16,0.05,-0.04,0.13,-0.08,0.06,0.14,-0.04,0.02,-0.08,0.13,0.01,-0.01,-0.01,-0.1,-0.02,-0.07,0.0,0.05,-0.09,0.05,-0.06,-0.2,0.02,0.18,0.05,-0.04,-0.14,-0.05,0.08,0.05,-0.04,0.0,-0.16,-0.03,0.14,-0.04,-0.16,0.09,0.13,0.07,-0.12,0.2,-0.05,0.28,0.06,-0.08,0.08,-0.01,0.02,0.17,0.0,-0.08,-0.1,0.06,0.16,-0.04,-0.05,-0.03,0.02,-0.07,0.01,0.01,0.12,0.07,-0.03,-0.31,0.16,-0.33,0.28,-0.1,-0.19,0.02,-0.02,0.01,-0.03,-0.17,-0.18,0.05,-0.02,-0.07,0.09,0.01,-0.06,-0.02,0.04,0.21,0.05,0.06,0.01,-0.13,-0.02,0.0,-0.02,0.05,-0.39,-0.07,-0.2,-0.2,0.05,0.18,0.11,0.12,-0.03,0.1,0.04,-0.03,-0.03,-0.01,0.01,-0.04,0.02,-0.01
Batrider,-0.1,0.1,-0.08,0.16,-0.02,-0.08,0.0,0.09,0.0,-0.01,0.06,0.16,0.0,0.06,-0.15,0.29,0.02,0.07,0.01,-0.05,-0.09,-0.06,0.02,0.0,0.03,-0.13,0.17,0.02,-0.1,0.06,-0.02,0.02,-0.04,0.03,0.06,0.06,0.02,-0.05,-0.11,-0.07,0.05,0.06,-0.02,0.01,0.02,-0.13,0.27,-0.1,-0.12,0.02,-0.08,-0.03,0.18,-0.01,0.11,-0.14,0.01,-0.04,0.34,0.0,-0.02,0.06,0.08,0.0,0.22,-0.04,-0.17,0.04,0.03,0.09,-0.03,-0.02,0.06,-0.1,-0.1,-0.02,-0.19,0.01,0.26,0.14,-0.05,-0.01,0.03,-0.01,-0.03,0.02,0.05,0.0,0.05,0.0,-0.1,-0.05,0.18,-0.07,-0.05,-0.02,-0.01,0.16,-0.07,-0.01,0.05,0.07,-0.03,0.01,-0.06,-0.17,-0.02,-0.05,0.1,0.0,0.13,-0.01,0.04,0.02,-0.08,0.06,0.02,0.14,-0.03,0.04,0.01,-0.03,0.01,-0.01
Chen,0.25,-0.06,-0.49,0.21,0.11,-0.02,-0.07,0.13,0.02,0.21,-0.24,-0.04,0.06,-0.12,0.2,-0.13,-0.02,0.15,0.1,-0.53,0.1,-0.02,-0.22,0.06,-0.14,-0.02,-0.14,-0.21,-0.2,0.2,0.09,0.48,0.2,-0.18,-0.37,-0.24,0.09,-0.07,0.01,0.32,0.02,0.07,0.18,0.0,0.27,-0.21,-0.21,0.09,-0.16,0.3,-0.11,-0.1,0.46,0.04,-0.09,0.03,0.08,0.09,-0.18,0.06,0.0,-0.2,0.1,-0.22,0.0,0.24,0.04,0.04,-0.26,-0.37,-0.26,-0.08,0.35,0.06,-0.04,-0.48,-0.12,-0.22,0.31,0.06,-0.11,-0.05,0.25,0.12,0.01,-0.11,0.01,-0.11,0.06,0.07,-0.01,-0.02,0.0,-0.13,0.05,0.24,-0.07,0.2,0.14,-0.25,0.46,-0.02,0.09,0.05,0.0,-0.11,0.46,-0.03,-0.04,0.35,-0.04,-0.5,-0.04,-0.04,0.05,-0.15,0.12,0.12,-0.06,-0.16,0.01,-0.1,-0.07,0.08
Spectre,-0.07,0.07,0.02,-0.11,0.03,-0.05,0.12,0.01,-0.06,0.07,-0.07,0.27,0.09,-0.09,0.05,-0.08,0.09,-0.01,0.02,-0.02,-0.06,0.15,-0.14,-0.07,-0.02,-0.15,-0.15,-0.13,-0.04,-0.11,-0.01,0.12,0.01,0.02,-0.08,-0.26,-0.08,0.03,-0.14,0.07,0.2,-0.1,-0.02,-0.07,0.01,-0.17,0.0,0.07,0.12,-0.02,0.0,0.04,-0.03,0.05,-0.21,0.04,0.08,0.17,0.06,0.02,-0.11,0.1,-0.06,0.04,-0.24,0.0,0.24,0.04,0.03,-0.03,0.06,0.21,-0.05,-0.01,0.06,-0.05,-0.08,-0.16,-0.18,-0.25,0.24,-0.08,-0.14,-0.21,0.04,0.04,-0.07,-0.01,-0.17,0.12,-0.12,0.0,-0.11,0.14,0.06,-0.07,0.04,-0.25,0.01,0.0,-0.06,0.19,-0.02,0.07,-0.06,-0.04,0.3,-0.09,-0.07,-0.1,-0.06,0.11,0.0,0.01,0.05,0.18,0.06,0.11,0.14,-0.09,0.1,-0.08,-0.11,0.11
Ancient Apparition,0.02,0.12,0.04,0.24,-0.07,-0.19,-0.16,-0.05,-0.04,-0.04,0.09,-0.18,0.14,0.05,0.02,0.1,-0.02,-0.11,0.03,0.07,-0.08,-0.03,0.08,-0.15,0.07,0.31,-0.51,-0.01,-0.08,-0.03,-0.05,-0.18,-0.08,0.19,-0.11,0.19,-0.05,-0.1,0.05,0.3,0.2,-0.02,0.09,0.21,0.12,0.18,-0.18,0.28,-0.18,-0.06,0.04,0.01,0.05,0.07,0.04,0.26,-0.12,-0.08,0.09,-0.14,0.08,0.17,-0.16,0.17,-0.04,-0.24,0.0,-0.05,-0.03,0.05,0.25,0.07,0.21,-0.06,-0.13,-0.35,-0.09,-0.52,-0.41,0.49,0.26,0.15,0.17,0.08,0.18,-0.1,-0.22,-0.1,-0.24,0.1,0.32,0.05,-0.03,0.02,-0.13,0.18,-0.26,0.48,0.04,-0.05,0.06,-0.49,-0.16,-0.02,-0.0,-0.05,-0.43,-0.43,-0.01,-0.1,-0.18,-0.14,0.16,-0.22,0.13,-0.12,-0.16,-0.02,0.05,0.11,0.16,-0.12,-0.0,0.13
Doom,-0.02,-0.01,-0.15,0.03,-0.02,0.1,0.02,0.15,0.01,-0.01,0.02,0.2,-0.05,0.02,-0.04,-0.19,-0.01,0.12,-0.02,-0.07,-0.05,-0.0,-0.04,0.02,0.11,-0.09,0.01,0.14,-0.09,-0.02,0.0,-0.09,0.12,0.06,0.0,0.01,0.02,0.04,0.05,-0.06,0.01,-0.06,0.0,0.15,-0.13,0.02,-0.12,-0.05,0.05,-0.02,-0.05,-0.04,-0.05,0.01,-0.01,0.02,-0.05,-0.08,0.19,0.01,0.06,-0.05,0.04,-0.04,-0.04,-0.04,0.05,0.0,-0.04,0.05,0.17,-0.11,0.0,-0.02,0.02,0.12,-0.05,-0.14,0.09,0.01,-0.03,0.0,-0.02,-0.04,0.02,0.04,-0.07,0.04,0.1,-0.11,0.13,0.02,0.04,0.12,0.1,0.12,-0.03,-0.06,0.04,-0.05,0.22,0.14,-0.04,0.0,0.03,0.01,0.25,0.02,-0.1,-0.06,0.01,-0.19,-0.05,0.07,0.05,0.1,0.02,-0.13,0.05,-0.02,0.04,-0.03,0.01,0.04
Ursa,-0.07,0.07,-0.08,0.05,0.09,-0.01,-0.07,-0.05,-0.08,-0.07,-0.05,0.08,0.0,0.0,0.08,-0.1,0.06,0.13,-0.04,0.07,0.14,-0.02,0.19,0.1,0.06,-0.05,0.14,-0.03,-0.01,0.08,0.04,0.07,0.02,0.05,0.07,0.05,-0.09,0.06,0.09,-0.01,0.07,0.0,0.1,-0.05,-0.11,-0.08,-0.03,0.08,-0.06,0.12,0.02,0.01,0.14,0.13,-0.03,0.01,0.01,-0.04,-0.05,-0.11,0.06,-0.04,0.05,-0.03,0.26,-0.03,0.03,0.04,0.0,-0.01,-0.09,-0.04,-0.11,-0.17,-0.07,0.01,0.07,-0.31,-0.03,-0.03,0.07,0.06,-0.04,-0.01,0.09,-0.03,0.03,-0.04,0.05,0.06,0.06,0.01,0.22,-0.14,0.08,0.0,0.02,-0.1,0.04,0.01,0.02,-0.07,-0.05,-0.05,-0.02,0.1,0.19,0.07,-0.05,-0.01,-0.01,0.05,0.01,-0.06,-0.03,-0.06,-0.04,-0.13,-0.05,-0.04,0.03,-0.06,-0.04,0.04
Spirit Breaker,0.09,0.03,-0.28,0.18,-0.04,-0.02,-0.02,0.07,0.04,-0.03,0.1,-0.12,-0.04,-0.01,0.02,-0.04,0.0,-0.18,-0.03,-0.22,-0.02,-0.12,-0.0,0.04,0.07,0.2,-0.02,0.06,0.05,0.14,0.01,-0.14,0.03,-0.05,0.05,-0.03,0.07,-0.12,-0.14,-0.07,-0.1,-0.03,0.15,0.08,-0.03,-0.09,-0.18,0.08,-0.03,0.08,0.02,0.0,0.22,0.17,-0.27,0.03,-0.11,0.04,0.03,0.1,-0.08,0.15,0.03,-0.09,0.37,0.03,-0.05,-0.05,0.01,0.0,-0.07,0.01,0.07,0.13,-0.05,-0.16,-0.08,-0.01,-0.22,0.03,-0.19,-0.07,0.0,0.06,0.02,0.07,0.0,0.02,0.01,-0.13,-0.1,-0.0,0.21,-0.1,0.13,-0.0,0.07,0.05,-0.07,0.07,0.03,0.43,-0.08,0.03,-0.05,-0.11,0.08,-0.03,0.1,0.03,0.0,0.24,0.05,-0.27,-0.02,0.17,0.08,-0.12,0.01,-0.03,-0.09,-0.0,0.03,-0.05
Gyrocopter,-0.15,0.02,-0.16,0.05,0.04,-0.01,0.13,-0.1,-0.01,0.07,0.02,0.27,-0.08,0.04,0.05,-0.08,0.04,-0.11,0.0,0.17,0.09,0.05,-0.19,-0.16,-0.07,-0.08,0.03,0.05,-0.04,-0.08,-0.01,-0.09,0.16,0.21,0.05,0.0,-0.08,0.08,-0.22,-0.12,-0.19,0.07,-0.13,0.17,0.07,0.01,-0.03,-0.09,0.15,0.02,-0.01,0.06,-0.03,-0.05,-0.1,0.04,0.08,-0.09,-0.03,0.07,0.1,-0.02,-0.02,0.03,0.26,-0.06,-0.25,-0.17,0.09,0.07,0.0,0.02,-0.11,0.05,-0.01,-0.07,-0.08,-0.04,-0.13,0.09,0.07,-0.06,0.02,0.02,0.05,-0.04,0.13,0.0,0.11,-0.16,0.04,0.09,0.01,0.14,-0.03,-0.05,-0.05,-0.29,0.08,-0.09,0.0,0.29,-0.11,-0.17,0.03,0.13,-0.23,-0.01,-0.14,-0.33,0.04,-0.2,0.04,0.06,-0.07,-0.12,-0.06,-0.08,-0.04,0.05,0.02,-0.04,0.08,0.06
Alchemist,-0.07,-0.16,-0.24,-0.14,-0.05,-0.05,-0.04,0.31,-0.04,0.06,0.08,0.1,0.13,-0.04,-0.1,-0.17,-0.12,-0.04,0.03,-0.22,-0.06,-0.06,-0.03,-0.15,-0.24,0.25,0.18,0.23,0.01,-0.17,0.09,0.03,0.1,0.09,0.07,0.03,-0.03,-0.08,0.08,-0.12,0.04,-0.09,-0.04,0.11,0.22,-0.33,0.31,0.12,0.04,0.07,0.12,-0.01,0.1,0.11,-0.17,-0.02,-0.03,-0.22,-0.2,-0.13,0.01,-0.04,0.07,0.02,0.08,-0.21,-0.07,0.11,0.04,-0.01,-0.02,0.0,-0.08,0.08,-0.04,-0.17,0.1,-0.08,-0.09,0.21,0.08,-0.03,0.04,-0.08,0.03,0.03,0.12,0.04,-0.12,-0.17,0.31,-0.04,-0.08,-0.27,0.09,0.0,0.03,0.37,0.03,-0.09,-0.02,-0.17,0.05,-0.09,-0.03,0.11,-0.05,0.08,-0.3,0.4,0.19,-0.38,0.01,-0.04,0.04,0.11,-0.03,0.07,-0.02,-0.16,0.1,-0.25,0.12,0.13
Invoker,-0.05,0.05,0.19,0.03,0.01,-0.07,-0.05,-0.07,0.0,0.09,-0.08,0.12,-0.05,0.02,-0.13,-0.06,0.02,0.07,0.02,0.05,-0.03,-0.14,-0.04,0.02,-0.08,0.03,0.14,-0.05,0.08,-0.03,0.03,-0.09,0.03,0.01,-0.08,0.2,0.02,-0.02,-0.2,-0.05,-0.01,0.05,-0.03,-0.04,-0.02,0.03,0.2,0.03,-0.08,-0.06,0.16,-0.08,-0.02,0.2,-0.14,-0.13,0.01,0.05,0.0,0.03,-0.07,0.1,-0.01,-0.06,-0.35,0.05,-0.21,0.0,0.11,-0.07,0.11,0.08,0.0,-0.03,0.02,-0.07,-0.23,0.13,-0.11,-0.06,-0.23,0.03,0.08,-0.04,0.02,0.0,0.07,-0.07,0.05,0.01,0.0,-0.05,0.22,0.0,0.04,0.15,-0.03,-0.44,-0.05,0.05,0.13,0.02,-0.05,0.05,0.0,0.02,-0.18,-0.15,0.03,-0.06,0.17,0.03,0.04,0.02,0.03,0.11,-0.04,0.06,0.08,-0.01,0.02,-0.02,0.05,-0.02
Silencer,-0.08,0.05,-0.01,0.06,0.05,0.01,-0.11,0.14,0.01,0.03,-0.01,-0.22,0.03,0.0,-0.05,-0.09,0.01,0.01,0.02,0.01,-0.06,0.04,0.02,0.01,-0.09,0.12,-0.04,-0.01,0.02,-0.01,-0.01,0.1,0.01,0.04,0.2,0.03,-0.08,0.08,-0.1,0.02,0.02,-0.03,0.01,0.0,-0.03,-0.01,0.17,-0.04,0.02,-0.01,0.06,-0.01,0.03,0.05,0.08,0.1,-0.02,-0.02,-0.04,0.1,-0.02,-0.03,-0.01,0.1,-0.06,0.01,0.06,0.02,0.17,-0.13,-0.05,-0.08,0.03,0.0,-0.07,-0.01,-0.06,-0.01,-0.05,-0.06,0.07,0.02,0.03,0.03,0.04,-0.06,-0.02,-0.07,0.05,-0.08,-0.12,-0.0,-0.05,0.12,0.05,0.05,0.15,0.16,0.03,0.02,-0.06,0.13,-0.07,-0.03,-0.04,0.02,-0.05,-0.09,-0.05,-0.08,-0.06,-0.2,-0.02,0.08,0.07,0.01,0.0,0.13,-0.08,0.02,-0.09,0.01,-0.04,-0.02
Outworld Destroyer,0.07,0.01,0.12,0.21,0.06,-0.03,0.02,-0.06,0.1,-0.03,0.06,-0.15,-0.01,-0.0,-0.09,0.1,-0.03,-0.11,-0.05,-0.13,0.1,0.06,0.04,0.07,-0.08,0.02,0.14,-0.05,-0.08,-0.06,0.06,0.04,-0.02,-0.01,-0.02,-0.05,-0.08,0.01,0.09,-0.11,-0.06,-0.02,-0.15,-0.09,-0.1,0.11,0.12,-0.01,0.04,0.01,0.02,-0.04,-0.15,0.14,0.03,0.05,-0.0,0.06,0.06,0.02,0.05,-0.1,-0.12,0.1,0.04,-0.06,0.13,-0.02,0.07,0.05,0.01,0.04,-0.02,0.07,0.0,-0.05,-0.17,-0.04,0.4,-0.24,-0.23,-0.12,-0.08,0.01,-0.07,-0.03,-0.06,-0.01,-0.02,-0.12,-0.14,0.08,0.04,0.05,-0.07,-0.0,-0.02,0.09,0.04,-0.08,-0.08,-0.01,-0.01,0.13,0.01,0.04,0.21,-0.05,-0.07,-0.06,0.06,0.07,0.03,0.02,0.08,-0.15,0.05,-0.09,-0.06,-0.14,-0.15,0.09,0.02,0.02
Lycan,-0.22,-0.23,0.13,0.07,-0.02,0.02,-0.04,-0.06,0.02,0.03,0.1,-0.29,-0.16,-0.04,0.12,0.06,-0.1,0.25,0.08,0.03,-0.05,0.2,-0.27,-0.03,-0.19,0.13,0.06,-0.15,-0.02,0.12,0.02,-0.01,0.07,-0.12,0.09,0.23,-0.03,0.05,-0.07,0.08,0.26,-0.09,0.1,0.11,-0.03,0.09,0.19,-0.15,-0.02,0.08,0.01,-0.02,0.14,0.19,0.28,0.18,-0.13,-0.0,0.11,0.05,-0.06,0.08,-0.07,0.02,-0.52,0.05,0.35,-0.12,-0.01,0.16,0.07,0.17,0.07,0.01,0.05,0.0,-0.19,0.33,-0.46,-0.31,-0.19,0.18,-0.17,-0.05,0.02,-0.1,-0.11,-0.07,0.11,-0.15,-0.03,0.07,0.15,-0.14,0.05,0.02,0.0,0.1,-0.02,0.09,-0.13,0.04,0.12,0.14,0.06,-0.05,0.12,-0.18,0.02,-0.07,-0.01,0.19,0.08,-0.09,0.01,-0.43,-0.1,-0.03,-0.05,-0.05,0.04,0.06,0.03,-0.1
Brewmaster,-0.13,-0.2,-0.37,0.11,-0.08,0.04,0.06,-0.1,-0.06,-0.19,0.07,-0.11,-0.07,0.04,0.01,-0.03,0.12,-0.12,-0.13,0.15,-0.12,0.17,-0.13,-0.19,0.07,-0.11,0.15,-0.56,0.12,-0.26,-0.02,0.24,0.04,-0.06,-0.1,0.12,-0.12,0.16,0.17,0.07,-0.27,-0.04,-0.11,0.18,0.21,0.15,-0.36,0.04,-0.06,0.12,-0.23,0.07,0.3,-0.04,-0.22,0.31,0.03,0.09,-0.1,0.12,-0.04,0.12,0.03,0.19,0.12,0.08,0.09,0.05,-0.07,0.08,0.08,-0.1,0.23,0.06,0.17,0.19,0.0,0.1,-0.06,0.11,0.16,0.01,-0.22,0.02,-0.05,-0.05,0.13,0.14,0.05,0.14,-0.53,0.03,0.28,0.18,0.06,-0.14,-0.12,-0.37,0.02,-0.14,-0.12,0.02,-0.08,-0.02,-0.01,-0.01,-0.15,-0.15,0.02,0.18,-0.13,-0.12,-0.06,-0.25,-0.1,0.18,0.03,0.04,0.01,-0.06,-0.13,0.02,0.01,-0.09
Shadow Demon,0.31,0.21,0.56,0.06,0.13,0.24,0.08,0.08,0.02,-0.09,-0.15,-0.27,-0.08,0.02,-0.17,0.29,-0.2,0.03,-0.1,0.02,0.06,-0.06,-0.36,-0.15,-0.08,0.53,-0.49,-0.49,-0.36,-0.1,0.01,0.11,-0.19,-0.28,0.04,-0.02,0.14,0.29,0.2,-0.09,-0.36,-0.07,0.1,0.19,-0.43,-0.49,-0.32,0.06,-0.29,0.25,0.03,-0.18,-0.29,0.09,0.23,0.18,0.21,0.24,0.14,0.02,0.08,-0.19,0.31,-0.01,0.22,0.16,0.52,0.14,0.31,0.01,0.04,0.08,-0.13,0.01,0.04,-0.33,-0.1,0.0,0.28,-0.09,-0.39,-0.14,0.35,-0.08,0.0,0.0,0.38,0.26,-0.11,-0.24,-0.46,-0.01,0.55,-0.46,0.25,-0.13,0.08,-0.5,-0.09,0.2,0.01,-0.47,0.05,0.09,0.02,-0.31,-0.41,0.04,0.18,0.29,0.51,0.38,-0.09,-0.19,0.04,-0.25,-0.03,0.17,-0.16,-0.04,-0.24,-0.26,0.09,0.02
Lone Druid,0.09,-0.24,-0.05,-0.1,-0.1,0.0,0.07,-0.15,-0.04,0.02,-0.15,-0.1,0.29,0.04,0.25,0.07,0.02,0.42,-0.11,0.08,-0.1,0.28,0.22,-0.0,-0.14,-0.02,0.2,-0.03,-0.09,-0.23,0.19,-0.01,0.18,-0.18,0.05,0.12,-0.14,0.08,-0.43,-0.22,-0.24,0.03,0.2,-0.04,0.04,-0.15,-0.1,0.06,-0.04,-0.02,0.07,0.13,-0.1,0.23,-0.17,-0.03,-0.38,-0.14,0.43,-0.25,-0.31,0.03,-0.16,-0.26,-0.31,0.18,0.41,-0.09,0.03,0.22,0.13,0.09,0.11,0.05,-0.4,0.46,0.06,-0.28,0.0,-0.43,0.17,0.13,-0.02,0.08,-0.04,0.03,0.33,-0.29,0.15,0.43,-0.07,0.02,0.44,-0.45,-0.19,-0.07,0.22,0.39,0.03,-0.27,0.26,-0.25,0.04,-0.03,-0.05,-0.16,-0.12,0.12,-0.07,0.23,0.28,-0.31,0.14,0.02,0.01,0.25,-0.15,-0.08,-0.06,0.0,0.1,0.01,-0.17,0.08
Chaos Knight,0.01,0.2,0.22,-0.03,-0.06,0.13,-0.19,-0.14,0.01,-0.1,0.1,-0.2,0.17,0.02,0.04,0.23,-0.05,-0.19,-0.05,0.26,-0.06,0.07,0.16,0.11,-0.01,0.02,0.2,-0.17,-0.16,0.08,-0.07,-0.1,0.03,-0.2,-0.22,0.14,0.33,0.06,0.19,0.23,0.13,-0.21,-0.02,-0.07,0.29,-0.17,-0.21,-0.01,0.1,-0.02,-0.22,0.08,-0.21,-0.42,-0.12,-0.43,0.2,0.28,0.03,-0.13,0.09,0.26,0.33,-0.14,-0.06,0.25,-0.49,-0.01,0.03,-0.03,-0.09,-0.21,0.06,0.06,0.24,0.31,-0.11,0.09,0.43,0.0,0.6,-0.11,-0.09,-0.0,-0.13,0.29,-0.34,-0.05,0.34,0.36,0.03,0.12,-0.13,-0.47,-0.09,-0.14,-0.17,-0.51,-0.14,0.14,-0.06,0.22,-0.08,0.02,-0.1,-0.34,0.18,-0.02,-0.06,-0.07,0.5,0.34,0.0,0.0,-0.14,0.13,-0.07,-0.13,-0.1,0.18,0.1,-0.05,-0.0,0.07
Meepo,0.05,-0.17,0.12,-0.1,0.05,-0.04,0.23,0.26,0.06,-0.02,0.08,-0.22,-0.18,-0.09,-0.11,-0.12,0.05,-0.02,-0.07,0.08,0.13,-0.06,-0.11,-0.0,-0.18,-0.08,-0.17,-0.6,-0.02,-0.03,-0.19,0.42,-0.15,-0.23,0.23,0.2,0.12,0.18,-0.14,-0.27,0.14,-0.19,0.09,0.39,-0.18,-0.17,0.4,0.22,-0.35,0.16,-0.08,0.19,0.4,0.48,-0.35,-0.03,-0.11,-0.13,0.03,0.04,-0.02,0.41,-0.28,0.05,0.11,-0.24,-0.26,0.03,-0.07,0.19,-0.07,-0.08,0.23,-0.07,0.23,0.19,-0.16,0.39,-0.17,-0.6,0.0,0.06,-0.02,-0.12,-0.08,0.08,0.0,0.19,0.02,-0.07,0.43,-0.06,-0.06,-0.4,-0.4,0.14,-0.13,0.14,0.14,-0.16,-0.02,0.42,0.17,-0.2,-0.01,0.21,-0.02,0.48,-0.18,-0.07,-0.6,0.44,0.0,0.14,-0.15,0.39,-0.08,0.18,-0.15,0.07,0.09,-0.04,-0.21,0.05
Treant Protector,-0.03,0.05,-0.05,0.06,0.0,0.0,-0.01,-0.07,-0.0,-0.01,-0.02,0.14,-0.06,0.04,0.06,-0.03,0.02,-0.26,-0.01,0.01,-0.12,0.02,0.06,-0.02,0.03,0.03,0.03,0.09,0.06,0.08,0.03,0.08,0.05,0.03,-0.05,-0.04,0.05,-0.01,-0.13,0.05,0.21,0.01,0.01,-0.04,0.09,-0.1,0.09,0.08,0.0,-0.05,-0.06,-0.05,0.04,-0.18,-0.03,-0.11,0.0,0.05,-0.03,-0.01,0.06,-0.04,0.1,0.01,0.05,0.08,-0.15,0.0,-0.06,0.07,0.06,0.03,-0.03,-0.02,0.12,-0.18,-0.01,0.14,-0.13,0.11,-0.06,0.0,0.0,-0.08,0.02,-0.08,-0.16,0.18,0.05,0.01,0.13,-0.04,0.02,-0.12,-0.06,-0.01,0.05,-0.19,0.0,0.04,0.02,0.05,0.05,-0.02,0.01,-0.04,-0.1,0.03,-0.09,0.04,0.03,0.02,-0.01,0.02,0.04,-0.03,0.05,0.02,-0.04,0.0,0.02,-0.04,-0.01,-0.08
Ogre Magi,-0.07,0.18,-0.26,-0.08,0.04,-0.09,-0.0,-0.09,-0.02,-0.07,0.05,-0.13,-0.01,-0.03,-0.1,-0.13,0.03,-0.04,-0.02,-0.17,-0.07,0.01,-0.02,0.04,0.03,-0.21,0.03,-0.18,-0.32,0.0,0.05,-0.2,-0.04,-0.02,-0.05,-0.07,-0.07,-0.07,-0.05,-0.06,0.14,0.08,0.16,-0.11,0.12,-0.15,-0.01,0.15,0.23,-0.13,0.08,-0.06,-0.14,-0.1,0.21,-0.14,0.04,-0.0,0.44,-0.01,-0.16,-0.03,0.19,-0.03,-0.25,0.14,-0.17,0.02,0.04,-0.0,-0.02,-0.04,-0.08,-0.03,0.08,0.17,0.22,-0.35,0.02,0.09,0.02,-0.0,0.0,-0.03,-0.01,0.25,-0.01,-0.11,-0.09,0.11,-0.08,-0.01,0.03,-0.48,0.11,-0.0,0.03,0.23,-0.03,-0.13,-0.16,-0.49,-0.05,-0.04,0.04,0.0,0.01,0.13,0.09,0.02,-0.07,0.03,0.09,0.02,0.02,0.1,0.04,0.08,-0.02,-0.01,0.05,0.05,0.05,-0.01
Undying,0.04,0.03,0.05,-0.01,-0.03,-0.01,0.14,-0.07,0.04,0.02,0.11,-0.13,-0.01,0.11,-0.1,-0.12,-0.06,0.13,0.02,-0.17,-0.08,0.0,-0.12,0.01,-0.02,0.03,0.14,-0.06,-0.07,-0.05,0.02,-0.02,0.01,0.04,0.04,0.08,-0.04,0.02,-0.02,0.0,-0.19,-0.02,0.03,0.04,0.07,0.21,0.08,-0.13,0.07,0.0,0.01,0.01,0.15,-0.1,0.08,-0.05,0.01,0.08,-0.12,0.01,0.06,0.12,-0.02,0.01,-0.12,0.21,-0.08,0.04,0.01,-0.06,-0.02,0.08,0.04,-0.03,-0.01,0.05,-0.02,0.08,-0.08,0.0,0.12,0.08,0.03,0.0,-0.02,0.05,-0.07,-0.05,-0.03,-0.01,-0.17,-0.12,-0.11,0.09,0.05,0.01,0.01,-0.04,0.03,0.03,-0.19,-0.15,0.04,0.13,-0.01,0.11,0.17,-0.02,-0.15,-0.02,0.2,0.1,0.0,0.14,-0.09,-0.19,-0.13,0.01,0.03,-0.07,-0.06,0.02,-0.06,0.05
Rubick,0.05,-0.06,0.06,-0.03,-0.02,0.03,0.03,0.01,0.03,0.02,0.02,0.01,-0.01,-0.03,-0.02,0.06,0.03,0.07,0.03,-0.03,-0.06,-0.06,0.06,0.02,0.06,-0.09,0.04,-0.11,-0.04,-0.07,0.0,0.0,0.0,-0.03,-0.08,0.07,0.04,0.03,-0.03,0.03,-0.03,-0.02,-0.02,-0.02,-0.11,0.03,0.02,-0.03,0.03,-0.01,-0.01,0.0,-0.06,0.02,0.0,0.07,0.07,-0.09,-0.01,0.0,-0.02,0.03,0.02,0.03,-0.01,-0.04,-0.18,-0.02,-0.09,-0.02,-0.05,-0.03,-0.02,-0.04,0.07,-0.02,0.05,0.0,0.04,0.13,0.08,-0.02,0.01,0.02,0.0,-0.05,0.03,-0.04,0.0,-0.03,0.01,0.03,-0.17,-0.02,0.05,0.02,-0.02,0.01,0.0,0.05,0.06,-0.14,-0.03,-0.05,0.03,-0.06,0.04,0.07,0.1,-0.04,0.03,-0.03,-0.02,0.01,0.02,0.02,-0.05,-0.07,0.02,-0.0,0.03,0.05,0.02,0.01
Disruptor,0.03,-0.0,0.16,0.08,-0.02,-0.01,0.02,0.03,0.02,0.05,-0.02,0.09,0.09,0.01,-0.03,0.04,-0.03,-0.04,-0.04,-0.17,-0.02,-0.0,-0.05,0.01,-0.09,-0.2,0.16,-0.11,0.04,-0.04,0.01,0.12,0.01,-0.06,0.07,-0.08,-0.12,-0.03,0.08,-0.06,0.02,0.04,-0.03,-0.03,-0.0,-0.03,0.1,-0.0,0.06,-0.02,0.07,-0.03,0.09,0.14,-0.03,-0.03,0.02,0.04,0.02,-0.06,0.05,0.12,-0.01,-0.02,0.11,-0.04,0.1,-0.04,0.03,-0.07,0.04,-0.03,-0.0,0.06,0.03,0.1,0.05,-0.0,-0.03,-0.29,-0.08,0.08,-0.25,-0.05,0.05,0.0,0.05,0.05,-0.0,-0.01,0.09,0.11,0.26,-0.11,-0.04,-0.0,0.02,0.08,-0.02,-0.0,-0.06,0.09,-0.07,0.01,-0.01,0.05,-0.13,0.1,0.03,-0.02,-0.12,0.06,0.02,-0.04,0.09,-0.2,0.0,0.07,-0.01,-0.03,0.01,0.01,0.05,0.01
Nyx Assassin,0.02,0.01,-0.47,-0.23,-0.04,0.01,-0.05,0.06,0.05,0.1,-0.09,0.0,0.0,0.02,0.05,-0.06,-0.18,0.0,0.1,0.39,0.0,-0.01,-0.2,-0.12,0.01,-0.09,0.15,0.3,0.15,-0.04,-0.01,-0.1,0.03,-0.06,-0.19,0.16,0.0,-0.2,-0.05,-0.08,-0.16,0.05,0.05,0.28,0.04,-0.02,-0.09,-0.12,0.03,0.05,0.17,0.03,-0.04,-0.22,0.0,0.11,0.02,0.11,0.09,-0.1,0.02,0.06,0.03,-0.05,-0.01,0.07,0.22,0.07,-0.03,0.0,-0.13,-0.12,-0.07,0.02,0.06,0.11,-0.13,-0.38,-0.33,0.34,0.0,0.16,0.01,0.07,-0.03,-0.05,0.0,0.11,0.0,-0.01,-0.11,0.08,-0.12,0.13,-0.11,0.02,0.15,0.22,-0.11,-0.01,0.01,0.0,0.09,-0.13,0.12,-0.09,0.06,-0.06,0.16,0.06,0.02,-0.15,-0.08,-0.05,-0.05,-0.35,-0.1,0.09,-0.02,-0.08,-0.17,0.06,-0.02,0.09
Naga Siren,-0.09,0.17,0.1,-0.23,-0.05,-0.16,-0.08,-0.04,0.05,0.11,0.02,0.06,0.09,-0.19,0.14,-0.02,0.11,0.0,0.02,0.25,-0.01,-0.03,-0.09,-0.06,-0.12,-0.14,0.17,-0.08,0.37,0.18,-0.0,0.12,0.11,-0.05,-0.05,0.1,0.2,-0.08,-0.02,-0.01,-0.02,0.1,0.06,0.04,0.07,0.17,-0.25,-0.05,-0.01,-0.07,-0.09,-0.02,0.13,-0.07,0.37,0.05,-0.02,0.05,-0.05,0.01,-0.0,-0.24,0.17,-0.0,0.11,0.01,0.1,-0.04,0.04,-0.02,-0.0,-0.04,0.07,0.07,0.01,0.07,-0.14,-0.26,0.29,0.05,-0.19,-0.18,0.11,0.05,0.04,-0.05,-0.11,0.0,0.03,0.08,0.16,0.04,-0.04,-0.17,0.07,0.08,-0.09,-0.3,0.0,-0.02,0.01,0.11,0.08,0.0,0.01,0.03,-0.5,0.05,-0.08,-0.22,-0.08,0.1,0.03,0.12,0.06,0.05,0.08,-0.12,0.01,-0.14,-0.08,0.08,-0.08,-0.01
Keeper of the Light,-0.05,-0.04,-0.28,0.17,0.03,-0.05,-0.01,0.07,-0.05,-0.01,-0.17,0.14,0.11,-0.02,-0.01,0.26,-0.03,0.05,-0.06,0.51,0.06,0.09,-0.07,-0.06,-0.14,0.02,0.02,0.06,0.01,-0.14,-0.15,-0.16,-0.13,-0.01,-0.09,0.05,0.17,0.07,-0.18,0.01,0.21,-0.0,-0.02,0.13,-0.0,-0.11,-0.07,0.11,-0.03,-0.05,0.05,0.09,-0.02,0.03,0.34,-0.21,0.08,-0.01,-0.07,-0.11,-0.0,-0.01,0.18,-0.05,-0.06,0.17,0.24,-0.1,-0.05,-0.01,-0.11,0.12,-0.05,-0.05,0.02,-0.11,-0.05,0.11,-0.15,-0.34,-0.02,-0.05,0.09,0.03,0.0,0.0,0.0,-0.03,0.0,-0.05,-0.02,-0.05,-0.16,0.03,-0.06,-0.0,-0.06,0.37,0.03,-0.01,-0.23,0.14,-0.03,0.11,-0.08,0.19,-0.06,0.02,0.12,0.18,0.14,0.25,0.01,0.1,-0.11,0.24,0.01,0.16,0.01,0.08,-0.06,0.02,0.02,-0.0
Io,0.06,-0.03,-0.3,0.16,-0.09,-0.11,-0.06,-0.22,-0.01,-0.04,0.07,0.21,0.1,-0.01,0.16,-0.21,0.06,-0.07,-0.03,0.08,0.04,-0.07,-0.01,0.17,0.1,-0.07,0.11,-0.1,0.0,-0.14,-0.04,-0.15,0.19,-0.16,-0.11,0.01,-0.06,-0.04,-0.13,-0.08,0.1,-0.06,0.01,0.03,0.1,-0.11,0.04,0.03,0.01,0.09,-0.07,-0.05,0.22,0.08,0.08,0.04,0.12,-0.21,0.17,0.07,-0.09,0.08,-0.05,0.0,-0.07,-0.12,-0.1,0.11,-0.06,0.13,0.16,0.17,-0.01,0.08,0.12,0.15,-0.14,0.24,-0.43,-0.36,0.07,-0.01,-0.11,0.01,0.03,0.01,0.01,-0.08,0.05,0.0,0.14,0.02,0.04,0.12,-0.23,-0.08,0.08,-0.54,-0.02,0.0,0.12,-0.01,-0.05,0.02,-0.03,-0.12,-0.12,-0.13,0.07,0.06,0.0,-0.24,-0.1,-0.09,-0.14,-0.14,-0.07,-0.07,0.06,0.04,-0.01,0.11,-0.05,0.05
Visage,0.06,-0.1,0.52,-0.15,0.12,0.0,-0.2,0.38,0.0,0.17,0.01,-0.09,0.09,-0.11,-0.29,-0.17,0.2,0.49,0.01,0.48,-0.22,-0.01,-0.37,0.01,0.26,-0.01,-0.03,-0.53,-0.12,-0.07,0.05,0.05,0.23,0.05,0.17,-0.06,0.07,-0.1,-0.01,0.01,0.43,-0.08,0.06,0.24,0.03,-0.22,-0.53,-0.09,-0.13,0.07,0.1,-0.13,-0.03,0.05,0.02,0.04,0.13,0.25,0.3,0.18,0.09,-0.23,0.02,0.1,0.01,0.12,-0.32,-0.13,-0.06,0.1,-0.04,-0.31,0.0,0.12,0.14,0.03,0.53,0.46,0.07,-0.03,-0.43,-0.13,0.08,0.17,-0.01,-0.09,0.11,-0.16,0.02,-0.14,0.0,0.01,-0.49,0.0,-0.21,0.19,0.01,-0.54,-0.02,0.14,-0.03,-0.01,0.07,0.05,0.06,-0.14,0.55,-0.07,0.22,0.25,-0.13,-0.24,-0.03,0.14,0.01,-0.04,-0.01,-0.16,0.06,0.16,0.09,0.11,-0.21,0.08
Slark,-0.05,-0.15,0.02,-0.02,-0.02,0.01,0.03,0.06,-0.01,0.04,0.03,-0.12,-0.02,0.03,0.12,-0.02,-0.02,0.02,0.0,0.01,-0.02,0.04,-0.02,0.0,0.03,0.06,-0.02,0.13,0.04,-0.01,-0.03,-0.09,0.0,0.01,-0.01,0.01,-0.01,-0.05,-0.01,0.0,-0.06,0.0,0.07,0.06,0.01,0.04,0.03,0.02,-0.13,0.08,-0.03,0.0,-0.02,-0.03,-0.02,0.08,-0.07,-0.03,-0.12,0.05,0.02,0.03,0.07,0.05,0.02,-0.0,-0.05,-0.02,-0.01,0.0,-0.09,0.04,0.05,0.0,-0.08,-0.07,-0.03,0.01,-0.02,-0.12,0.06,0.04,0.01,0.12,-0.03,-0.11,-0.08,-0.04,0.05,-0.02,-0.01,0.0,-0.14,0.01,-0.06,-0.05,0.0,0.09,0.02,-0.04,-0.03,-0.25,0.01,0.05,0.07,0.02,-0.05,0.05,-0.02,0.07,-0.01,-0.11,-0.02,-0.08,-0.03,0.03,0.04,0.03,-0.01,-0.01,0.01,-0.03,0.02,-0.08
Medusa,-0.02,0.29,0.01,0.16,0.14,-0.06,0.21,-0.08,0.08,-0.04,-0.03,0.06,0.06,-0.14,-0.05,-0.18,0.17,0.05,0.1,0.14,0.06,0.13,-0.05,0.0,-0.08,0.28,0.21,-0.04,-0.03,0.29,-0.11,-0.52,-0.11,-0.03,0.16,0.03,0.21,0.09,-0.12,-0.42,-0.38,-0.07,-0.08,-0.1,0.02,-0.1,0.26,0.45,0.21,-0.02,-0.09,0.36,-0.04,0.29,-0.09,0.03,-0.11,0.04,0.49,-0.17,0.08,-0.1,-0.09,-0.18,0.0,0.11,0.03,-0.04,-0.22,-0.21,-0.01,0.08,-0.22,0.05,-0.04,-0.15,-0.28,-0.55,-0.44,0.13,0.06,-0.02,-0.03,0.11,0.17,-0.26,0.12,0.04,0.16,-0.04,0.49,0.14,0.0,-0.11,-0.21,-0.13,-0.21,0.28,-0.03,0.0,-0.09,-0.52,0.23,0.01,-0.26,-0.2,-0.46,-0.08,0.06,-0.01,0.06,-0.17,-0.07,0.26,-0.18,0.2,-0.12,0.19,0.06,-0.16,-0.04,0.02,0.05,-0.04
Troll Warlord,0.18,-0.17,-0.48,0.14,0.12,-0.06,-0.24,-0.33,-0.2,-0.03,-0.02,-0.03,0.15,0.03,-0.1,-0.25,-0.01,-0.07,0.05,0.48,-0.33,0.01,0.21,-0.14,-0.03,0.06,0.07,-0.03,0.17,-0.19,-0.06,-0.18,-0.26,0.14,-0.12,-0.13,0.0,0.03,0.16,0.08,-0.07,-0.32,-0.08,-0.21,0.07,-0.07,-0.53,0.21,0.4,0.06,-0.09,-0.1,-0.2,-0.2,-0.15,-0.46,-0.02,0.0,0.0,0.1,0.15,-0.27,-0.01,0.07,0.13,-0.14,-0.02,-0.12,0.14,0.1,-0.14,0.27,0.0,-0.12,-0.05,0.14,-0.18,-0.54,0.45,0.47,0.4,0.12,0.48,-0.09,0.02,0.11,-0.13,0.17,-0.03,-0.12,0.0,-0.01,0.11,0.0,-0.1,-0.11,0.02,0.29,0.04,-0.03,-0.03,-0.51,0.1,-0.01,0.2,-0.25,0.05,-0.09,-0.28,-0.17,-0.13,0.26,0.07,0.17,-0.13,-0.29,-0.13,-0.31,-0.09,-0.17,-0.09,0.07,0.08,-0.06
Centaur Warrunner,0.07,-0.24,0.1,0.0,0.03,0.02,0.04,0.04,0.02,0.09,0.02,-0.28,-0.09,0.07,-0.02,0.05,0.07,-0.11,-0.06,0.18,0.04,-0.07,-0.21,0.0,-0.01,-0.16,0.03,0.18,-0.04,0.02,0.0,0.17,-0.02,-0.15,0.18,-0.09,0.01,0.03,-0.07,0.03,-0.13,-0.03,-0.07,-0.02,-0.02,-0.01,-0.15,0.08,0.06,-0.04,-0.12,-0.05,-0.05,-0.01,0.09,-0.01,0.07,-0.07,0.23,0.04,0.0,0.03,0.06,0.05,-0.05,-0.06,0.13,-0.1,-0.08,-0.13,0.03,-0.09,-0.04,-0.05,0.07,-0.05,-0.06,-0.25,0.19,0.09,0.4,0.06,-0.11,-0.05,-0.05,0.04,0.11,-0.07,0.06,0.23,0.21,0.06,0.21,0.1,0.0,-0.04,-0.27,-0.16,-0.04,0.17,0.21,0.16,-0.02,0.01,0.04,-0.22,0.05,0.12,-0.11,0.25,0.04,0.51,0.0,0.0,0.1,-0.16,-0.09,-0.1,0.04,-0.13,-0.08,0.0,-0.02,0.08
Magnus,0.05,-0.06,-0.01,-0.03,-0.01,0.04,-0.03,-0.15,-0.06,-0.01,0.02,0.18,0.03,-0.03,-0.01,-0.14,0.01,-0.08,-0.03,0.01,0.09,-0.06,0.1,0.03,-0.12,0.14,0.0,-0.02,0.09,0.05,-0.14,-0.07,0.08,0.04,-0.1,-0.06,0.12,-0.08,-0.06,-0.06,0.07,0.04,-0.03,-0.09,0.07,-0.07,0.2,0.08,-0.03,0.02,0.02,-0.02,-0.03,-0.03,-0.06,0.13,-0.02,0.07,-0.17,0.01,0.03,-0.15,0.02,0.02,-0.24,0.07,-0.18,-0.12,0.0,0.0,0.05,0.0,-0.15,-0.05,0.0,-0.02,0.14,0.13,0.07,0.14,-0.14,0.01,0.0,-0.01,-0.02,0.0,-0.02,-0.08,0.0,0.08,-0.19,0.05,0.13,0.11,0.04,0.0,0.07,0.02,0.07,0.08,-0.02,-0.18,-0.06,0.16,-0.07,0.04,-0.07,-0.18,-0.07,0.01,0.07,-0.1,-0.12,-0.15,0.04,0.03,0.04,0.07,0.06,-0.01,0.1,0.0,-0.01,-0.02
Timbersaw,0.07,-0.0,0.05,0.08,0.03,-0.05,0.05,0.11,0.07,0.07,-0.06,0.0,-0.1,-0.02,0.11,-0.02,0.01,-0.04,-0.01,0.07,-0.03,0.03,0.07,-0.09,-0.06,-0.19,-0.08,0.3,0.15,-0.01,0.02,0.04,-0.01,0.11,-0.02,-0.03,-0.04,-0.1,0.1,-0.2,0.23,-0.01,-0.05,0.23,-0.03,-0.03,0.0,-0.08,-0.07,0.0,-0.05,0.01,-0.04,-0.0,-0.18,-0.23,-0.0,0.03,-0.16,0.16,0.06,0.07,-0.04,0.01,0.07,-0.04,0.26,0.03,-0.02,-0.07,0.05,-0.03,0.03,-0.15,0.02,-0.0,0.12,-0.08,-0.22,0.17,0.13,-0.05,-0.03,-0.01,0.02,-0.02,-0.15,0.09,0.06,-0.08,-0.01,-0.0,0.21,-0.02,0.27,-0.07,0.0,-0.18,-0.03,0.01,-0.04,-0.33,-0.09,0.03,-0.02,-0.03,0.18,-0.05,-0.19,-0.05,-0.14,-0.13,0.07,0.06,0.11,0.49,0.09,-0.05,-0.02,0.03,0.08,0.01,-0.1,-0.04
Bristleback,-0.15,0.23,-0.44,0.13,0.04,-0.14,0.17,0.01,-0.12,0.01,-0.08,0.11,0.39,-0.11,0.33,0.21,0.24,0.53,-0.02,-0.08,0.15,0.3,0.5,-0.31,0.04,0.15,0.01,-0.29,0.09,-0.05,0.2,-0.14,-0.04,0.02,-0.32,-0.23,0.31,-0.06,-0.11,0.11,-0.53,-0.28,-0.09,-0.07,0.24,-0.2,-0.49,0.17,0.22,0.13,-0.47,0.28,0.51,0.02,-0.11,-0.02,-0.14,0.54,0.54,-0.45,-0.15,0.02,-0.21,-0.16,-0.2,0.25,-0.48,0.06,0.1,-0.05,0.29,-0.37,0.44,-0.16,-0.09,-0.1,0.37,-0.5,-0.39,0.51,-0.14,0.19,-0.23,0.04,-0.01,-0.08,-0.22,0.3,-0.37,0.54,0.54,-0.09,-0.28,-0.29,0.16,-0.02,0.18,0.0,-0.21,0.05,0.18,-0.47,0.14,0.06,-0.16,0.12,-0.03,-0.41,-0.49,0.11,0.18,0.05,0.2,-0.24,0.04,0.1,-0.11,0.36,-0.09,-0.39,-0.32,0.25,-0.21,0.04
Tusk,-0.02,0.03,-0.09,-0.03,-0.04,-0.03,0.04,0.02,0.02,-0.04,0.04,-0.06,0.02,-0.02,-0.02,-0.0,-0.02,-0.1,-0.02,0.0,0.05,-0.0,-0.15,0.03,0.05,-0.12,-0.22,-0.04,0.06,-0.14,-0.02,0.01,-0.0,-0.07,0.03,-0.1,-0.03,-0.03,0.04,-0.0,-0.12,-0.01,0.06,-0.0,-0.05,-0.0,0.09,-0.04,-0.02,0.0,-0.02,0.02,0.13,-0.05,0.02,-0.0,-0.09,-0.05,0.08,-0.04,0.02,0.03,-0.05,0.07,-0.14,-0.01,-0.04,-0.04,-0.04,0.07,-0.08,-0.03,0.05,-0.03,-0.04,0.02,-0.02,0.09,-0.03,0.14,-0.14,-0.0,0.03,-0.03,0.0,0.02,0.11,-0.0,-0.03,0.02,0.02,-0.02,0.03,-0.04,0.04,-0.07,0.03,0.21,0.0,-0.0,-0.04,0.06,-0.01,0.03,-0.04,0.04,-0.1,0.01,-0.0,0.06,0.15,-0.13,-0.01,-0.03,0.01,-0.0,-0.03,0.02,-0.01,0.01,-0.07,0.07,0.02,0.02
Skywrath Mage,-0.06,-0.06,-0.07,0.06,0.01,0.07,0.01,-0.01,0.04,-0.02,0.02,-0.11,-0.1,0.04,-0.06,-0.0,-0.07,0.04,-0.01,0.01,-0.03,-0.05,-0.09,-0.04,-0.03,-0.09,0.11,0.19,0.08,0.03,-0.02,-0.03,0.11,-0.12,0.01,0.08,0.08,-0.0,0.03,0.06,-0.1,-0.04,-0.02,0.02,0.09,-0.02,-0.11,-0.0,0.03,-0.01,0.04,-0.02,-0.12,-0.17,0.02,0.07,-0.01,-0.11,0.05,-0.0,-0.04,-0.06,-0.06,0.01,0.25,-0.0,0.05,0.05,-0.01,-0.07,0.09,0.09,-0.05,-0.02,0.08,-0.09,0.14,-0.2,0.27,-0.14,0.16,-0.04,0.13,-0.03,-0.05,0.0,0.01,0.02,0.01,-0.0,-0.14,0.04,-0.0,0.03,-0.17,-0.08,-0.01,-0.05,0.0,0.0,0.02,-0.01,0.1,-0.04,-0.01,0.0,0.22,-0.1,0.0,0.16,-0.17,0.04,0.02,0.07,-0.01,0.09,0.04,-0.04,0.03,-0.12,-0.05,-0.1,-0.03,-0.03
Abaddon,-0.06,0.11,-0.26,-0.19,0.03,0.01,-0.15,-0.07,0.04,0.02,0.12,-0.03,0.09,0.13,-0.15,-0.29,-0.09,0.19,-0.04,0.11,-0.02,-0.03,0.18,-0.01,-0.3,0.21,-0.04,0.19,0.01,-0.08,-0.04,0.02,-0.09,0.19,-0.14,-0.03,-0.02,0.14,-0.13,-0.15,0.26,0.01,0.04,-0.01,0.17,-0.19,0.17,0.01,0.14,0.16,-0.14,-0.07,0.19,-0.06,-0.12,0.57,-0.13,0.11,-0.04,-0.13,-0.03,-0.19,-0.01,-0.05,-0.46,0.06,-0.06,-0.22,-0.02,-0.03,-0.0,0.02,-0.13,0.06,0.07,0.13,0.12,-0.01,-0.26,0.06,0.02,-0.02,0.16,0.19,-0.06,0.06,-0.01,-0.01,0.23,-0.12,0.03,0.03,0.09,0.03,-0.21,0.02,0.04,-0.18,0.04,-0.02,0.0,-0.1,-0.07,-0.06,0.09,-0.22,0.25,-0.11,0.06,0.27,0.12,0.29,0.07,0.0,0.13,-0.05,0.08,-0.01,0.01,0.09,0.02,-0.04,-0.11,-0.02
Elder Titan,-0.04,0.18,0.24,0.31,-0.14,-0.06,0.11,-0.27,0.09,-0.38,0.21,0.34,0.27,0.14,0.07,-0.24,-0.33,0.1,-0.16,0.16,0.06,-0.04,-0.03,0.02,0.3,0.17,-0.12,-0.08,-0.18,0.26,0.04,0.0,0.14,0.04,0.22,-0.17,0.11,0.21,0.36,-0.1,0.11,-0.09,0.0,-0.15,-0.19,0.03,0.15,0.11,-0.27,-0.09,0.17,0.0,-0.06,-0.19,0.33,0.55,0.03,0.22,-0.49,-0.08,0.0,0.49,0.13,-0.07,0.02,-0.19,0.49,-0.14,0.07,-0.43,-0.29,0.17,-0.02,-0.13,0.01,-0.04,-0.02,-0.53,0.25,-0.22,-0.42,-0.05,0.49,0.15,0.14,-0.09,0.0,-0.11,-0.14,0.01,0.01,0.25,0.52,-0.49,-0.16,0.18,0.33,0.47,-0.06,0.01,0.1,0.0,-0.22,0.03,0.06,-0.13,0.56,0.16,-0.29,0.11,-0.02,0.52,0.03,-0.08,-0.08,-0.28,-0.11,-0.2,-0.26,-0.12,-0.09,0.07,0.03,0.1
Legion Commander,0.14,-0.12,0.15,-0.02,-0.05,-0.01,-0.01,-0.02,-0.02,-0.08,0.08,-0.15,0.03,-0.03,-0.02,-0.01,0.02,-0.04,0.01,-0.2,0.04,0.0,0.19,0.14,-0.03,0.02,-0.16,-0.19,-0.11,0.05,0.03,0.1,-0.03,-0.09,0.01,0.14,0.06,-0.11,-0.06,-0.1,-0.01,0.06,0.09,-0.14,-0.02,-0.02,-0.12,0.02,-0.12,-0.05,0.1,0.05,0.17,0.1,0.01,-0.04,-0.03,-0.02,-0.05,-0.01,0.03,-0.05,0.02,0.03,-0.09,0.02,0.16,0.04,0.05,0.08,0.11,-0.05,0.05,0.07,0.01,-0.12,0.08,-0.05,-0.04,0.08,-0.17,-0.05,0.05,-0.04,0.03,0.07,-0.1,-0.08,0.03,0.05,-0.07,-0.01,-0.23,-0.1,0.02,0.06,0.09,-0.14,0.01,-0.1,0.07,0.22,0.0,-0.08,0.01,-0.07,-0.03,-0.15,-0.06,0.03,-0.21,0.0,-0.04,0.05,-0.04,-0.01,-0.05,0.08,-0.02,-0.01,0.01,-0.03,0.03,0.02
Techies,0.01,0.05,0.15,-0.11,0.08,-0.07,0.04,0.01,0.01,-0.02,-0.03,-0.28,0.07,-0.05,-0.09,-0.04,0.01,0.12,0.04,-0.03,0.06,-0.07,0.17,0.05,-0.26,0.0,0.19,0.18,-0.01,0.02,-0.02,0.12,0.02,0.01,-0.03,-0.03,0.03,0.06,-0.04,0.13,0.04,0.03,-0.13,-0.03,-0.05,0.08,0.01,0.11,-0.01,-0.03,-0.04,0.03,-0.13,0.12,0.14,-0.05,0.02,0.0,0.1,0.01,-0.09,0.06,0.0,-0.01,-0.05,-0.07,0.02,0.0,0.05,-0.03,0.17,0.09,-0.05,0.03,-0.13,-0.14,0.02,-0.09,0.03,-0.02,0.2,0.02,0.04,-0.13,0.05,-0.01,0.13,0.0,-0.11,-0.02,-0.05,-0.06,-0.01,0.01,-0.01,-0.16,-0.03,-0.06,-0.03,0.04,0.05,-0.03,0.08,0.0,0.02,0.12,-0.15,0.08,-0.11,0.21,-0.12,-0.23,-0.01,-0.03,-0.06,0.17,0.0,0.07,0.02,0.13,0.02,-0.09,0.04,0.01
Ember Spirit,-0.06,0.08,0.03,-0.05,-0.09,0.05,0.04,0.08,0.05,-0.02,-0.06,0.09,-0.05,-0.01,0.04,0.07,-0.02,-0.06,-0.03,-0.02,0.05,-0.01,0.07,-0.02,0.01,-0.02,0.07,0.04,0.19,0.07,-0.05,0.04,-0.05,0.15,-0.02,0.02,0.05,0.01,0.1,0.04,0.1,0.03,0.07,-0.11,0.0,-0.05,-0.22,-0.02,-0.08,0.01,0.06,-0.01,-0.05,0.06,-0.06,-0.02,-0.04,-0.12,0.02,-0.05,0.07,-0.08,0.02,0.06,0.0,0.06,0.0,-0.03,0.02,0.05,-0.03,0.03,-0.0,0.04,-0.01,-0.06,0.01,-0.02,0.05,0.1,0.01,-0.01,-0.04,0.01,-0.03,0.01,-0.12,-0.01,0.08,0.03,-0.06,-0.07,0.26,-0.2,-0.04,0.07,0.02,0.16,0.04,0.01,-0.09,-0.06,-0.01,-0.02,0.0,0.08,-0.03,0.04,0.02,-0.02,-0.07,-0.02,-0.02,0.0,0.02,-0.11,0.04,-0.02,-0.03,0.03,-0.03,0.03,-0.02,-0.02
Earth Spirit,0.0,-0.21,-0.46,0.04,0.12,0.14,0.14,0.08,0.01,0.11,0.03,-0.15,-0.01,-0.07,0.05,-0.08,0.03,0.01,-0.07,-0.07,0.14,0.09,-0.13,-0.17,-0.02,0.01,-0.06,-0.13,0.03,-0.04,-0.08,-0.08,0.14,0.12,-0.16,-0.11,-0.0,0.08,0.06,-0.16,0.12,-0.06,0.08,-0.21,0.03,-0.09,0.13,0.15,-0.09,-0.1,0.08,-0.04,-0.09,0.1,-0.06,-0.14,0.1,0.06,0.35,-0.08,0.1,0.04,-0.05,0.17,0.11,0.04,0.05,-0.01,-0.1,0.11,-0.13,-0.11,-0.02,-0.02,-0.04,0.05,0.01,0.31,0.16,0.34,-0.21,0.04,0.0,-0.11,0.06,-0.05,0.09,-0.03,-0.19,0.12,0.14,-0.02,0.2,0.25,0.22,-0.04,0.03,-0.12,-0.04,-0.0,0.22,0.13,0.07,-0.12,-0.08,0.0,-0.05,-0.14,0.06,-0.04,0.34,-0.47,0.08,-0.09,0.05,-0.25,-0.04,-0.05,0.02,-0.0,-0.03,0.01,-0.04,-0.07
Underlord,0.05,-0.0,-0.53,-0.01,0.09,-0.13,0.02,-0.2,-0.02,0.15,-0.07,0.02,0.03,-0.03,-0.09,-0.12,-0.01,-0.12,0.1,-0.57,-0.14,-0.25,-0.09,0.08,-0.12,0.24,0.25,-0.2,0.33,-0.3,0.16,0.44,0.02,-0.04,0.12,0.09,0.16,0.24,-0.06,-0.22,-0.33,-0.01,-0.2,-0.39,0.08,-0.01,0.42,0.41,-0.47,-0.23,0.27,0.17,-0.18,-0.1,-0.03,-0.15,0.03,-0.12,0.05,0.46,0.07,-0.28,0.39,0.02,-0.46,-0.3,0.43,-0.25,-0.19,-0.08,0.23,0.05,0.18,0.05,-0.21,-0.12,0.15,0.41,0.12,-0.18,0.02,0.1,-0.01,-0.17,-0.04,0.13,-0.06,0.5,0.06,0.12,-0.55,0.05,0.46,-0.05,-0.05,0.07,-0.18,0.03,0.1,-0.22,-0.25,-0.56,0.03,0.15,0.03,0.05,0.0,0.3,0.22,-0.1,0.02,-0.34,-0.08,0.15,-0.18,0.29,-0.12,-0.05,-0.01,0.2,0.04,0.14,-0.01,-0.04
Terrorblade,0.05,-0.05,0.28,0.15,-0.01,0.08,0.13,-0.16,-0.01,0.02,0.02,-0.22,0.01,0.04,-0.09,0.24,0.06,-0.2,-0.05,0.43,0.14,-0.08,-0.23,-0.03,0.05,0.01,-0.2,0.09,0.04,-0.12,0.07,-0.01,0.07,0.04,0.01,0.09,-0.11,-0.11,-0.06,-0.12,-0.29,0.01,0.0,-0.2,-0.02,-0.01,-0.02,-0.04,0.12,0.06,0.12,0.02,0.32,-0.08,-0.06,0.16,-0.07,-0.05,0.28,0.11,-0.07,0.21,0.07,0.05,0.03,0.09,0.43,-0.02,-0.07,0.03,0.01,-0.08,0.15,0.09,0.05,0.18,0.15,-0.04,-0.12,0.02,-0.48,-0.03,-0.13,0.02,-0.07,-0.1,0.06,-0.05,-0.02,0.13,0.07,-0.05,0.08,0.09,-0.12,0.18,0.05,0.41,-0.01,0.1,0.11,-0.16,0.15,-0.08,-0.04,0.14,-0.3,0.0,0.0,0.02,0.09,0.13,0.02,-0.33,-0.17,-0.26,0.06,-0.17,-0.04,0.17,0.05,-0.02,-0.02,0.02
Phoenix,-0.04,0.03,-0.25,-0.33,0.0,-0.01,0.06,0.2,-0.03,-0.11,-0.05,0.19,-0.01,0.07,0.07,-0.02,-0.01,-0.19,-0.01,0.11,-0.15,0.05,-0.15,-0.1,-0.06,0.09,0.32,0.2,0.08,0.16,-0.03,-0.15,0.01,-0.03,0.07,0.26,-0.09,-0.1,-0.27,-0.03,-0.04,-0.08,0.02,-0.21,0.09,-0.02,0.17,0.04,0.0,-0.13,-0.05,0.04,-0.06,0.08,-0.07,-0.26,0.05,0.03,0.2,-0.0,0.04,-0.13,0.2,-0.1,0.04,0.07,0.01,0.1,0.05,-0.1,0.14,0.3,-0.03,0.05,0.07,-0.02,-0.02,-0.18,0.07,0.06,0.18,0.09,-0.09,0.15,-0.1,-0.03,-0.16,0.08,-0.12,-0.07,-0.22,0.02,-0.06,0.28,0.11,0.07,0.19,0.49,0.0,0.0,-0.06,0.29,0.06,0.11,-0.02,-0.06,-0.22,-0.0,0.0,0.11,0.32,-0.29,-0.05,0.04,-0.11,0.27,0.03,-0.07,-0.01,-0.08,0.11,-0.08,0.02,-0.01
Oracle,-0.02,-0.14,-0.15,0.14,-0.01,0.0,0.1,-0.11,0.02,-0.08,-0.08,0.0,-0.03,-0.01,-0.04,0.29,-0.12,-0.07,-0.01,0.18,0.11,0.16,0.34,-0.02,-0.1,-0.11,-0.2,-0.13,-0.16,-0.04,-0.01,0.09,-0.08,0.22,-0.11,0.17,0.02,0.17,0.07,0.03,-0.17,0.12,-0.18,0.05,0.07,-0.03,-0.15,0.34,0.02,0.19,-0.51,0.07,0.04,0.3,0.02,-0.34,-0.04,0.2,-0.25,0.24,0.13,-0.14,0.2,0.0,-0.35,0.1,0.1,0.06,0.01,-0.03,0.33,-0.4,0.06,0.08,0.06,0.07,-0.18,-0.29,-0.23,0.07,0.07,-0.04,-0.02,0.02,0.04,0.02,-0.06,0.22,-0.18,-0.06,-0.25,-0.07,0.01,0.17,-0.25,-0.01,0.05,-0.11,-0.06,-0.16,-0.27,-0.11,-0.03,-0.21,0.02,0.04,0.1,-0.02,-0.11,0.0,-0.1,0.11,0.04,0.2,-0.05,-0.18,0.1,0.04,-0.14,-0.15,0.26,0.21,-0.11,-0.01
Winter Wyvern,0.15,-0.47,0.15,-0.07,-0.08,-0.04,0.01,-0.38,-0.02,0.14,-0.06,-0.05,-0.05,-0.0,0.16,-0.09,-0.04,0.02,0.01,-0.16,0.09,0.07,0.49,-0.02,0.03,0.14,0.1,-0.5,-0.12,-0.06,-0.04,-0.23,-0.36,0.09,0.03,0.01,-0.09,-0.12,0.34,-0.03,0.13,0.09,0.19,-0.21,-0.11,-0.21,-0.1,0.37,-0.1,0.15,0.16,0.05,0.04,0.08,-0.3,-0.43,0.34,-0.07,-0.14,-0.03,-0.01,0.11,-0.05,-0.13,0.04,0.06,0.18,-0.01,0.01,0.0,-0.04,-0.19,-0.17,0.06,-0.06,0.01,0.13,-0.51,-0.28,-0.5,-0.4,-0.03,0.07,-0.2,-0.03,0.12,-0.02,0.08,-0.14,-0.0,0.13,0.01,-0.06,0.13,-0.04,-0.07,0.14,-0.18,-0.15,0.17,-0.12,0.02,0.21,0.12,0.07,-0.34,-0.02,-0.09,-0.32,0.1,0.0,-0.08,0.17,-0.08,0.07,0.09,0.07,-0.06,0.05,-0.09,0.21,-0.09,0.12,-0.0
Arc Warden,-0.35,0.32,0.11,0.08,-0.13,0.11,-0.08,-0.07,-0.02,0.11,-0.05,-0.21,-0.11,-0.13,-0.15,0.16,-0.09,0.48,0.01,-0.1,-0.16,-0.06,0.05,0.0,-0.08,0.04,-0.34,0.13,0.05,0.08,0.01,-0.27,0.07,0.1,0.18,0.05,0.21,-0.01,-0.23,0.14,-0.08,0.0,0.08,0.14,0.52,0.29,0.13,0.01,-0.04,-0.02,-0.21,-0.02,-0.04,-0.06,0.41,-0.47,0.15,0.16,-0.11,-0.41,-0.07,-0.33,-0.18,0.01,0.5,-0.11,0.14,0.19,-0.05,-0.24,0.2,0.38,-0.03,0.2,-0.07,-0.19,0.12,-0.38,0.31,-0.34,-0.44,-0.02,-0.03,-0.1,0.03,-0.06,0.15,-0.1,-0.25,0.24,0.24,0.11,0.17,-0.26,-0.51,0.1,0.13,-0.05,0.13,-0.04,-0.29,-0.52,0.0,0.23,0.02,0.47,0.34,-0.13,0.29,-0.11,0.08,0.0,-0.04,-0.21,0.07,0.07,0.05,-0.13,-0.16,-0.03,-0.1,-0.08,0.05,-0.03
Monkey King,0.05,0.04,-0.13,0.05,0.04,-0.01,0.04,0.16,0.03,-0.03,0.03,-0.1,-0.04,-0.02,-0.07,-0.03,-0.06,-0.05,0.05,-0.08,0.01,0.01,0.02,0.06,-0.01,-0.07,-0.08,-0.02,-0.08,0.06,-0.01,0.07,-0.02,0.04,-0.03,-0.14,0.07,-0.05,-0.1,-0.05,0.11,-0.02,0.08,0.21,-0.01,0.02,-0.26,0.02,0.03,0.02,-0.02,0.02,-0.13,-0.1,-0.05,-0.08,-0.04,0.05,-0.03,-0.02,-0.03,-0.05,-0.11,-0.04,0.04,-0.0,-0.16,0.05,-0.01,-0.05,-0.05,-0.01,-0.04,0.02,-0.03,-0.08,0.06,0.09,-0.14,0.0,-0.0,0.01,-0.09,-0.0,0.02,-0.02,0.08,-0.03,-0.01,0.1,0.03,0.02,0.07,-0.07,-0.0,0.12,-0.07,-0.2,0.01,-0.02,-0.07,-0.03,0.04,0.01,0.02,-0.08,0.08,-0.02,0.05,-0.04,-0.17,0.04,0.0,0.04,-0.04,0.1,0.0,0.01,0.1,0.08,-0.12,-0.01,-0.03,0.01
Dark Willow,0.07,-0.14,-0.0,0.06,-0.08,0.14,-0.07,0.08,0.05,-0.07,-0.07,-0.09,-0.08,0.13,-0.18,0.23,0.06,0.16,0.01,0.08,0.02,-0.03,-0.01,-0.09,0.07,0.14,-0.21,0.04,-0.02,-0.08,0.01,-0.24,0.1,-0.15,-0.14,0.14,0.01,0.11,0.1,0.03,-0.14,0.11,-0.12,0.06,-0.01,0.24,-0.23,-0.06,-0.03,0.01,0.05,-0.01,-0.14,-0.13,-0.07,-0.43,0.01,0.18,0.2,0.06,0.16,-0.2,-0.12,-0.02,0.04,-0.01,0.22,-0.07,0.06,0.27,-0.06,0.04,-0.02,-0.08,-0.02,0.09,0.25,0.19,-0.02,0.0,-0.14,-0.02,-0.02,-0.14,-0.01,0.04,0.05,-0.12,-0.1,0.09,-0.14,0.08,-0.26,-0.17,-0.0,0.15,-0.06,0.24,0.03,-0.07,0.0,0.08,-0.05,0.03,-0.0,0.09,-0.15,0.33,-0.04,-0.2,0.08,0.21,-0.04,0.0,0.01,0.02,0.03,-0.11,-0.01,0.1,-0.02,-0.06,-0.06,-0.01
Pangolier,0.04,-0.06,0.2,-0.05,0.03,-0.02,0.06,-0.06,-0.03,0.09,0.0,0.16,-0.05,-0.05,0.0,0.2,0.05,0.0,0.02,-0.19,-0.1,-0.02,-0.06,-0.01,0.06,-0.01,-0.02,-0.03,0.03,-0.02,0.04,0.0,-0.11,-0.12,0.13,0.15,0.0,-0.08,-0.05,-0.09,0.18,0.0,-0.03,-0.05,-0.03,0.04,0.0,-0.07,-0.04,-0.02,-0.02,-0.03,0.14,-0.05,0.02,0.04,0.06,0.1,-0.1,-0.01,0.06,-0.17,0.03,0.08,-0.05,-0.05,-0.13,-0.05,0.03,0.02,0.07,-0.04,-0.03,-0.07,-0.08,-0.01,0.1,-0.04,-0.01,0.14,0.15,-0.04,-0.02,0.09,-0.02,-0.09,0.05,-0.06,0.11,0.14,-0.01,0.03,0.18,0.13,-0.1,-0.04,-0.11,-0.04,-0.01,0.01,-0.13,0.08,0.04,0.06,-0.02,-0.05,0.18,0.17,0.11,0.05,-0.07,-0.07,0.04,-0.01,0.0,-0.02,-0.01,0.05,-0.05,0.03,0.04,-0.01,0.05,0.03
Grimstroke,0.15,-0.07,0.56,-0.18,-0.05,-0.07,0.15,-0.26,0.02,-0.05,-0.02,0.06,-0.09,-0.02,0.41,-0.19,-0.05,-0.39,0.04,0.1,-0.19,-0.03,0.25,-0.02,-0.25,-0.06,-0.24,-0.06,-0.19,0.06,0.09,-0.07,-0.11,-0.1,0.16,-0.19,-0.24,-0.03,0.2,0.35,0.01,-0.07,-0.08,0.1,0.16,0.14,-0.19,-0.19,-0.14,-0.02,0.22,-0.08,0.13,0.23,0.36,-0.42,-0.09,0.24,0.16,0.05,0.05,0.02,-0.1,-0.06,0.15,-0.18,0.12,-0.1,0.06,-0.17,0.12,-0.11,-0.11,-0.01,0.15,0.43,-0.18,0.25,-0.25,-0.13,-0.39,0.03,-0.1,0.19,-0.02,0.2,0.35,-0.05,-0.24,0.14,0.04,-0.03,-0.2,0.29,0.16,-0.03,-0.49,-0.1,0.0,-0.09,0.05,0.28,0.01,-0.17,0.11,0.25,-0.29,0.26,-0.27,0.18,-0.09,-0.07,-0.1,-0.02,0.02,0.0,0.1,0.08,-0.04,0.18,0.08,0.02,-0.06,-0.06
Hoodwink,-0.07,0.0,0.05,0.09,-0.04,0.05,0.06,-0.05,-0.05,0.08,0.02,0.1,-0.08,0.03,-0.11,0.06,0.02,0.03,-0.01,0.11,0.03,-0.05,-0.09,0.03,0.02,0.05,-0.07,-0.08,0.02,0.07,-0.02,0.04,-0.04,0.05,-0.06,0.09,0.04,-0.09,0.02,0.0,-0.16,0.02,-0.05,-0.05,-0.04,0.09,0.03,0.06,0.05,-0.04,0.0,-0.03,0.07,0.03,0.02,-0.07,0.08,0.18,-0.11,-0.03,0.04,0.18,-0.04,-0.02,-0.12,-0.06,0.16,-0.02,0.04,-0.08,0.06,0.03,0.04,0.0,-0.05,0.1,-0.03,0.03,0.15,0.07,0.08,-0.05,-0.04,0.13,0.05,0.0,0.1,-0.08,-0.01,0.07,0.01,-0.04,0.12,0.13,0.09,-0.04,-0.09,0.11,0.03,-0.04,-0.08,0.11,0.05,0.0,-0.04,0.04,0.12,-0.06,-0.03,-0.1,-0.07,-0.05,0.0,-0.03,0.01,-0.1,0.0,0.01,-0.02,-0.04,-0.02,-0.09,-0.01,-0.08
Void Spirit,-0.02,-0.06,-0.02,0.13,0.12,0.0,-0.15,0.06,0.03,-0.01,-0.07,-0.06,0.08,0.08,-0.02,-0.04,0.06,0.03,-0.08,0.14,0.01,0.09,0.12,-0.01,-0.15,-0.09,-0.04,-0.05,0.04,-0.01,0.03,-0.02,0.14,-0.05,-0.04,0.29,-0.05,-0.04,-0.01,-0.04,0.33,-0.0,-0.18,0.06,0.09,-0.04,0.01,-0.05,0.26,0.08,0.03,-0.04,0.13,-0.0,0.25,0.11,-0.01,0.13,0.18,0.12,0.02,-0.06,0.03,-0.14,-0.12,-0.11,0.02,0.13,0.13,0.12,0.08,-0.07,-0.06,-0.13,0.08,0.03,-0.04,-0.17,0.08,0.13,-0.18,-0.02,-0.08,-0.01,0.07,-0.07,-0.09,0.12,-0.16,0.07,0.16,-0.03,-0.19,0.31,0.1,-0.07,0.05,-0.36,-0.02,0.04,0.01,0.2,-0.08,-0.07,0.02,0.05,0.05,0.17,0.07,-0.04,0.06,0.13,-0.01,0.11,-0.05,-0.08,-0.01,0.0,-0.03,-0.02,-0.05,-0.05,0.04,-0.08
Snapfire,0.0,-0.04,-0.13,0.14,-0.02,0.04,-0.0,0.02,-0.01,0.01,0.04,0.04,-0.01,0.04,0.03,-0.04,-0.08,-0.01,0.01,0.1,0.02,0.08,0.05,-0.02,-0.11,-0.02,0.19,-0.16,-0.03,-0.03,-0.03,0.01,-0.08,0.08,-0.08,-0.16,0.06,-0.09,0.14,-0.02,0.05,0.03,-0.1,-0.11,-0.0,-0.06,-0.03,-0.08,-0.02,0.05,-0.01,-0.04,0.01,0.01,0.06,0.05,-0.01,0.01,0.02,0.01,-0.0,-0.06,0.03,0.03,0.06,-0.14,-0.05,-0.05,0.05,-0.01,0.04,0.02,-0.08,0.08,0.06,0.05,-0.02,0.16,0.06,0.1,0.15,0.04,0.02,-0.03,-0.02,0.01,0.02,-0.01,-0.01,-0.06,-0.06,0.01,-0.06,0.09,-0.04,-0.06,0.02,0.09,0.01,-0.03,-0.01,0.26,0.02,-0.02,0.03,-0.02,0.01,0.04,0.01,0.14,-0.05,0.16,-0.1,0.01,0.05,0.04,0.02,0.03,0.0,-0.01,0.07,-0.07,-0.0,0.02
Mars,0.11,0.07,0.24,0.0,0.02,-0.03,-0.0,0.02,-0.01,-0.09,0.13,0.07,-0.02,0.01,-0.09,-0.06,-0.09,0.16,0.11,0.11,-0.08,-0.04,-0.11,-0.02,0.07,0.12,0.22,-0.38,0.23,-0.15,-0.03,0.06,-0.0,0.04,0.11,-0.16,0.03,-0.02,-0.12,0.12,-0.19,-0.11,0.05,-0.1,-0.21,0.21,0.11,-0.1,-0.07,-0.12,0.01,-0.03,-0.02,0.01,-0.1,-0.09,0.02,-0.09,-0.26,-0.09,0.01,-0.07,0.01,-0.04,0.16,0.09,-0.11,0.02,0.04,0.03,-0.05,0.16,0.01,-0.02,0.14,0.05,0.06,0.04,-0.0,-0.18,-0.07,-0.0,0.01,0.07,-0.0,0.03,0.08,0.14,-0.08,-0.04,-0.16,0.01,0.16,0.17,0.13,0.01,-0.03,0.39,-0.01,0.12,-0.09,0.12,0.01,-0.13,-0.03,0.0,-0.2,-0.17,0.08,0.15,0.09,0.03,-0.08,-0.1,-0.03,-0.18,0.04,0.02,0.01,0.0,-0.03,-0.01,0.02,-0.05
Dawnbreaker,0.0,0.1,-0.21,0.05,0.01,-0.04,-0.16,0.17,-0.03,0.06,-0.06,-0.08,0.06,-0.04,-0.19,0.27,0.02,-0.05,0.0,0.07,-0.02,-0.09,0.32,0.01,-0.0,-0.03,-0.27,-0.07,-0.15,-0.04,0.04,0.16,0.01,-0.12,0.03,0.06,0.03,0.02,-0.07,0.05,-0.21,0.01,0.06,-0.01,-0.01,0.18,-0.07,-0.13,-0.06,-0.05,0.03,0.07,-0.06,0.18,0.05,0.33,0.07,-0.09,-0.3,-0.03,-0.15,-0.05,-0.01,-0.01,-0.01,-0.1,-0.16,-0.04,-0.03,0.09,-0.02,-0.1,-0.02,0.09,0.15,-0.04,0.13,0.24,-0.1,-0.1,-0.09,-0.02,-0.05,0.06,-0.03,-0.01,0.17,0.08,0.06,0.01,-0.09,-0.01,0.04,0.09,0.08,-0.1,-0.08,0.32,0.07,0.05,-0.02,0.09,-0.01,-0.02,0.03,0.03,-0.04,-0.05,-0.11,-0.26,-0.21,0.1,0.12,0.02,-0.04,-0.08,0.02,0.05,-0.07,0.03,0.0,0.01,0.04,0.12
Marci,0.02,0.03,0.2,-0.01,-0.1,0.05,-0.03,-0.17,0.05,0.08,0.05,0.07,-0.03,0.14,0.06,-0.0,-0.01,0.03,0.01,-0.07,-0.06,-0.03,-0.06,-0.1,0.06,-0.06,0.06,0.06,0.1,-0.14,-0.05,0.04,-0.0,0.05,-0.07,-0.04,-0.0,-0.0,0.09,0.0,0.22,0.07,-0.02,0.07,0.01,0.04,-0.22,0.16,-0.06,0.05,-0.06,-0.03,-0.17,0.11,0.14,0.11,0.1,-0.03,-0.21,0.09,0.06,-0.04,0.04,0.03,0.1,0.08,0.12,0.03,0.06,0.0,0.04,0.25,0.02,-0.01,-0.09,-0.06,-0.02,0.26,-0.01,0.05,0.04,0.04,-0.05,-0.02,-0.05,-0.01,-0.06,-0.08,-0.02,-0.11,-0.11,0.03,-0.02,-0.07,-0.0,-0.0,-0.01,-0.25,-0.07,0.1,0.04,-0.07,0.03,0.09,-0.03,-0.01,-0.14,0.02,0.08,-0.21,0.09,0.08,0.01,0.06,0.01,-0.02,0.09,0.05,0.07,0.01,-0.01,0.0,-0.02,-0.05
Primal Beast,-0.04,-0.08,0.08,0.14,-0.05,0.04,-0.09,0.0,0.05,0.0,-0.03,-0.08,0.03,-0.02,-0.02,0.0,0.05,-0.01,-0.01,-0.17,-0.12,-0.03,-0.07,-0.02,-0.1,-0.01,-0.21,0.14,0.09,-0.03,0.01,-0.23,0.05,-0.02,0.1,-0.07,-0.03,0.08,-0.01,-0.07,0.03,0.05,0.06,0.17,-0.08,-0.1,-0.12,-0.01,0.05,-0.01,0.01,0.0,-0.05,0.01,-0.01,-0.12,0.04,-0.12,-0.16,0.05,0.04,-0.08,-0.02,-0.01,0.07,0.11,0.0,-0.01,0.04,-0.03,-0.08,-0.12,-0.05,0.04,-0.02,-0.03,-0.01,-0.09,0.17,0.0,0.21,0.01,-0.05,0.06,-0.02,-0.05,0.02,0.08,-0.02,0.05,0.21,-0.02,-0.05,-0.08,0.02,0.01,0.1,0.21,-0.02,0.03,0.11,-0.03,-0.03,-0.04,0.02,0.04,0.01,0.02,-0.02,0.11,-0.12,-0.05,0.03,0.06,-0.05,0.06,0.01,-0.04,0.0,-0.02,-0.04,0.02,0.0,-0.07
Muerta,0.05,-0.03,-0.12,0.06,0.1,-0.03,-0.08,-0.14,-0.02,-0.06,0.06,-0.01,0.0,0.03,-0.03,0.07,0.0,-0.04,0.02,0.01,-0.06,0.03,0.01,-0.01,-0.09,0.03,0.07,0.06,0.0,-0.09,0.04,0.0,-0.07,-0.11,-0.0,0.09,0.15,0.01,-0.01,0.05,0.01,-0.0,0.0,0.01,0.01,-0.09,0.12,-0.08,-0.02,0.03,-0.03,0.04,-0.13,-0.04,0.02,-0.07,0.01,-0.0,0.03,-0.01,0.01,-0.01,0.01,0.01,-0.09,-0.11,-0.13,-0.04,-0.04,0.05,-0.06,-0.13,0.02,0.02,-0.02,0.1,0.09,-0.02,-0.08,-0.07,-0.05,0.08,0.01,-0.05,-0.01,-0.01,-0.09,0.01,0.0,-0.05,-0.08,0.08,0.04,0.06,-0.08,0.02,0.04,-0.04,-0.02,0.03,0.02,-0.1,-0.02,-0.01,0.02,0.07,0.04,-0.02,0.01,0.01,0.0,0.03,-0.01,0.01,-0.03,0.06,0.08,0.08,-0.02,0.05,-0.12,0.05,0.07,0.0
